trial,cluster_index,cluster_size_houses,cluster_peak_kw,cluster_required_kva,chosen_transformer_kva,building_IDs
0,1,10,29.142447123369475,32.38049680374386,50.0,"['299354', '192312', '159900', '541219', '447938', '330074', '449778', '537424', '538937', '115209']"
0,2,7,28.8977643070828,32.10862700786978,50.0,"['494663', '341670', '55949', '200098', '316619', '524496', '451978']"
0,3,9,32.97054055481502,36.63393394979446,50.0,"['118013', '21295', '201834', '69842', '488510', '180949', '432616', '452846', '391969']"
0,4,10,31.541402889612495,35.04600321068055,50.0,"['374743', '304201', '362268', '419752', '104562', '152266', '174597', '43092', '371047', '49829']"
0,5,7,24.422374399606117,27.135971555117905,50.0,"['356235', '18626', '330258', '284645', '250934', '303622', '188487']"
0,6,11,32.91556362157957,36.572848468421746,50.0,"['461295', '456950', '294527', '520487', '465182', '175687', '482358', '513516', '388148', '543373', '467636']"
0,7,2,13.216616683371793,14.68512964819088,25.0,"['69737', '298162']"
0,8,10,25.1067007393001,27.896334154777886,50.0,"['213027', '423568', '78581', '535774', '92339', '67168', '77324', '149516', '184427', '179644']"
0,9,7,21.344191165533427,23.715767961703808,25.0,"['543450', '239992', '257435', '520838', '383204', '20621', '452422']"
0,10,10,39.553519912342686,43.94835545815854,50.0,"['486178', '66449', '137501', '420064', '519534', '530550', '262350', '338070', '410593', '401975']"
0,11,3,12.421124898877888,13.801249887642097,25.0,"['69868', '493708', '136784']"
0,12,1,4.387700604697871,4.875222894108745,25.0,['72989']
0,13,11,29.067708129615514,32.29745347735057,50.0,"['96862', '81741', '144651', '229481', '492245', '369049', '487999', '187566', '361089', '392777', '330646']"
0,14,1,2.4715900981950774,2.7462112202167526,25.0,['175523']
0,15,10,28.72581496397707,31.917572182196743,50.0,"['531662', '395429', '343990', '161861', '93799', '259004', '392995', '122651', '316051', '215583']"
0,16,5,16.208194989095965,18.00910554343996,25.0,"['469041', '372892', '343064', '25615', '284247']"
0,17,3,14.201994409604495,15.779993788449438,25.0,"['174570', '201819', '274702']"
0,18,7,19.429520314520655,21.58835590502295,25.0,"['381381', '91397', '383693', '531771', '396629', '225070', '526365']"
0,19,2,7.540672338417596,8.378524820463996,25.0,"['541265', '223077']"
0,20,10,21.34148034582673,23.71275593980748,25.0,"['513336', '429888', '397555', '199016', '372499', '521269', '346823', '142507', '254810', '454770']"
0,21,2,11.19830133380307,12.442557037558966,25.0,"['502985', '451476']"
0,22,10,26.23668157674153,29.151868418601698,50.0,"['491749', '498854', '284091', '505847', '35191', '186366', '483016', '272937', '364878', '329260']"
0,23,11,28.88272773517604,32.09191970575115,50.0,"['201687', '44812', '40436', '476573', '486285', '487709', '33973', '190006', '168910', '325008', '450692']"
0,24,6,24.06390467356019,26.737671859511323,50.0,"['454310', '259612', '267735', '2098', '473498', '465186']"
0,25,13,34.47600137083328,38.30666818981476,50.0,"['248221', '153002', '327131', '486098', '111132', '215656', '126795', '346726', '519092', '459186', '99499', '42766', '169460']"
0,26,12,38.876437230669666,43.196041367410736,50.0,"['52377', '391468', '129766', '515502', '106794', '213002', '151863', '16760', '412017', '191154', '487751', '95555']"
0,27,4,17.55777699289132,19.50864110321258,25.0,"['202555', '396589', '121143', '119634']"
0,28,13,35.80559553607498,39.78399504008331,50.0,"['22158', '176607', '184561', '514303', '391944', '75607', '381418', '404444', '620', '469666', '371852', '53693', '209412']"
0,29,2,6.808666801769365,7.565185335299295,25.0,"['543210', '160568']"
0,30,12,27.206688797913106,30.229654219903452,50.0,"['208475', '6545', '543603', '216764', '275091', '127663', '97305', '75859', '527237', '544772', '165026', '446349']"
0,31,10,30.057508463675788,33.39723162630643,50.0,"['101380', '414177', '300631', '233698', '345470', '6945', '541074', '10740', '329861', '428666']"
0,32,5,17.927304289539464,19.919226988377183,25.0,"['500895', '422231', '240492', '32833', '493311']"
0,33,7,23.32435903348706,25.91595448165229,50.0,"['147115', '186924', '152328', '163213', '418397', '238996', '507808']"
0,34,4,21.272838831136898,23.636487590152107,25.0,"['8083', '57620', '437803', '179886']"
0,35,8,22.39966410834461,24.888515675938454,25.0,"['125925', '533820', '267376', '15007', '517304', '200374', '428747', '483644']"
0,36,1,5.396751820420352,5.996390911578169,25.0,['293636']
0,37,7,21.738159603107757,24.15351067011973,25.0,"['241676', '364735', '381122', '44738', '312', '241331', '141246']"
0,38,10,35.94487864208734,39.93875404676371,50.0,"['337614', '228624', '77240', '145405', '337903', '139272', '100023', '97512', '436427', '436517']"
0,39,11,38.95175540181563,43.27972822423959,50.0,"['305432', '385325', '192389', '162090', '411518', '114941', '434494', '21595', '497858', '104860', '183304']"
0,40,1,3.1309978859873313,3.4788865399859237,25.0,['302815']
0,41,8,21.89271095535391,24.325234394837675,25.0,"['526989', '261325', '376796', '352319', '67186', '292117', '279', '109561']"
0,42,11,34.134737467604495,37.92748607511611,50.0,"['326187', '539605', '59425', '404817', '517258', '499943', '287709', '431957', '280063', '379782', '64839']"
0,43,11,29.2007459674922,32.445273297213554,50.0,"['417306', '489422', '26402', '299045', '495378', '438056', '515041', '464315', '192800', '96010', '163371']"
0,44,12,39.59532063098549,43.99480070109499,50.0,"['130380', '441278', '336050', '79390', '358737', '85660', '249827', '367483', '290676', '421285', '194635', '193900']"
0,45,9,31.671608417350832,35.190676019278705,50.0,"['349166', '436282', '321516', '407841', '39960', '305045', '111501', '230501', '357027']"
0,46,5,16.986076712682326,18.87341856964703,25.0,"['183875', '517144', '31427', '284293', '361750']"
0,47,9,24.114743966718052,26.794159963020057,50.0,"['268292', '160880', '361607', '173392', '159349', '60725', '140441', '309544', '401027']"
0,48,4,13.41212423220345,14.902360258003833,25.0,"['31382', '398312', '544508', '68863']"
0,49,10,41.90306726364419,46.55896362627132,50.0,"['40454', '396742', '180871', '317423', '440204', '13050', '216421', '237962', '494604', '136477']"
0,50,3,30.829860594359708,34.25540066039967,50.0,"['301874', '472992', '352165']"
0,51,8,26.615172766364907,29.572414184849897,50.0,"['275680', '193154', '263068', '49559', '248997', '525441', '325789', '89230']"
0,52,6,25.52810614691351,28.364562385459458,50.0,"['95159', '151790', '60197', '253224', '279405', '215510']"
0,53,5,19.91076195545744,22.123068839397153,25.0,"['522556', '320667', '470251', '341616', '111557']"
0,54,12,37.2736329122985,41.41514768033167,50.0,"['203733', '407592', '173050', '402638', '261802', '106564', '385476', '214106', '283566', '492549', '318102', '302838']"
0,55,6,21.828700351751106,24.254111501945673,25.0,"['213568', '506224', '389744', '219611', '277908', '155532']"
0,56,9,33.72755111258626,37.47505679176251,50.0,"['471083', '269943', '464312', '300418', '504397', '27832', '524907', '241758', '157218']"
0,57,1,8.304250232389785,9.226944702655317,25.0,['30686']
0,58,10,28.69201589384011,31.880017659822343,50.0,"['319626', '292676', '111433', '79849', '269586', '256260', '255345', '528850', '420097', '240212']"
0,59,1,3.720057628978008,4.13339736553112,25.0,['379880']
0,60,8,20.745897381639367,23.050997090710407,25.0,"['249134', '378673', '196305', '320013', '350164', '263662', '203949', '487621']"
0,61,7,22.977681227377744,25.530756919308605,50.0,"['31965', '114077', '373657', '242598', '324981', '546972', '175316']"
0,62,11,34.155048043635574,37.950053381817305,50.0,"['170825', '463762', '422424', '56291', '3612', '242999', '516263', '383865', '124562', '339433', '482395']"
0,63,11,36.41944170812266,40.46604634235851,50.0,"['155119', '256426', '224866', '176608', '409483', '432671', '504968', '472629', '141350', '372134', '318055']"
0,64,7,30.766957251120445,34.185508056800494,50.0,"['239985', '5296', '319337', '162004', '425185', '491740', '373440']"
0,65,10,27.750119648832065,30.83346627648007,50.0,"['112300', '91480', '427800', '331771', '506136', '270459', '122061', '236160', '237735', '478833']"
0,66,2,14.033823837098335,15.593137596775929,25.0,"['329123', '298681']"
0,67,6,19.82987534789866,22.03319483099851,25.0,"['523081', '173606', '304116', '417114', '342684', '201928']"
0,68,8,28.941850355667906,32.15761150629767,50.0,"['346824', '425465', '411121', '415007', '63556', '124966', '365132', '498546']"
0,69,7,19.050629827304995,21.16736647478333,25.0,"['506220', '333827', '279160', '74247', '133636', '303298', '120305']"
0,70,5,22.62455936632847,25.13839929592052,50.0,"['381087', '330101', '527111', '389346', '412293']"
0,71,11,27.133731433239177,30.148590481376864,50.0,"['172155', '27287', '301504', '70024', '224398', '93768', '47630', '160500', '188246', '349207', '451461']"
0,72,3,14.058168909696587,15.62018767744065,25.0,"['15089', '537920', '175977']"
0,73,11,25.028050779721497,27.80894531080166,50.0,"['289531', '125128', '545696', '229548', '524444', '42335', '40995', '312422', '234094', '230471', '222350']"
0,74,3,13.244804989621157,14.716449988467952,25.0,"['496323', '524510', '51960']"
0,75,8,22.71215808776569,25.235731208628543,50.0,"['265551', '343474', '275286', '18838', '273801', '206494', '282801', '547304']"
0,76,8,34.84425229386149,38.71583588206832,50.0,"['323278', '500108', '119842', '47959', '448971', '489009', '454110', '67009']"
0,77,12,31.098222576406965,34.55358064045218,50.0,"['510593', '197532', '126829', '128310', '77868', '203389', '167202', '485700', '153713', '120348', '503022', '334183']"
0,78,6,20.17176922434736,22.413076915941513,25.0,"['117120', '369055', '523530', '516138', '57486', '202039']"
0,79,13,31.76325542601264,35.292506028902935,50.0,"['114719', '524546', '35932', '451771', '545763', '507777', '452253', '210595', '235662', '510701', '453474', '217704', '327612']"
0,80,2,24.358954167858958,27.065504630954397,50.0,"['534341', '162605']"
0,81,9,20.90226299914628,23.22473666571809,25.0,"['146446', '332159', '449181', '20210', '238242', '28159', '199812', '428936', '185819']"
0,82,3,12.442082408451157,13.824536009390174,25.0,"['347246', '68232', '34928']"
0,83,13,34.019635790125584,37.79959532236176,50.0,"['414301', '87191', '122601', '547294', '7292', '56167', '509992', '219636', '160898', '131393', '292090', '124544', '315517']"
0,84,10,28.459817189390492,31.622019099322767,50.0,"['188953', '4916', '446322', '159311', '19670', '370745', '237120', '225298', '437412', '359627']"
0,85,2,19.672128247643826,21.857920275159806,25.0,"['107460', '513045']"
0,86,11,29.182466485905486,32.424962762117204,50.0,"['315490', '262502', '389848', '307573', '232939', '217854', '500428', '291601', '142225', '386916', '241959']"
0,87,11,31.143613258031223,34.6040147311458,50.0,"['538593', '424439', '35073', '144143', '392818', '139404', '403104', '131095', '400528', '386874', '212890']"
0,88,4,21.34145242133462,23.71272491259402,25.0,"['530378', '212021', '446024', '547937']"
0,89,2,10.24205118502208,11.380056872246755,25.0,"['323846', '461107']"
0,90,2,11.352088676683442,12.613431862981601,25.0,"['129763', '267170']"
0,91,3,13.620474065222187,15.133860072469096,25.0,"['436627', '475046', '38407']"
0,92,2,9.146781356827091,10.163090396474546,25.0,"['468180', '340776']"
0,93,5,16.63058759210582,18.478430657895355,25.0,"['335542', '32222', '238210', '359302', '327596']"
0,94,8,30.920678575916174,34.35630952879575,50.0,"['528839', '199657', '104208', '54697', '247213', '370146', '131226', '516545']"
0,95,2,15.563112758250616,17.29234750916735,25.0,"['142620', '277767']"
0,96,8,19.321199606998967,21.467999563332185,25.0,"['302088', '384563', '408279', '302621', '117115', '97799', '264018', '521372']"
0,97,10,30.093255760503354,33.43695084500373,50.0,"['450684', '447578', '295670', '473426', '907', '209609', '193407', '262816', '432318', '61674']"
0,98,3,17.45258998541686,19.39176665046318,25.0,"['512375', '348481', '282048']"
0,99,5,21.14356650341565,23.49285167046183,25.0,"['110117', '289058', '439854', '263375', '244264']"
0,100,12,44.83752107805129,49.81946786450143,50.0,"['412019', '147319', '47840', '436458', '123278', '499731', '156716', '176384', '434738', '488440', '88759', '249276']"
0,101,3,15.598597824023516,17.33177536002613,25.0,"['188110', '241027', '61379']"
0,102,1,4.103081022251706,4.558978913613006,25.0,['226419']
0,103,3,13.932911276631117,15.48101252959013,25.0,"['254623', '368041', '531460']"
0,104,7,21.516539298367633,23.907265887075148,25.0,"['233879', '242516', '522245', '411339', '459665', '485566', '84873']"
0,105,1,11.822668339851559,13.13629815539062,25.0,['69509']
0,106,10,30.83297163452202,34.258857371691136,50.0,"['387140', '50580', '404858', '202088', '59912', '115968', '312335', '172572', '226598', '196926']"
0,107,13,37.0148707170963,41.127634130107,50.0,"['100763', '48221', '95544', '248626', '265588', '391979', '233532', '311107', '233753', '69626', '103643', '454230', '377381']"
0,108,6,13.534004816562998,15.037783129514441,25.0,"['102922', '76849', '89529', '405479', '341963', '314471']"
0,109,8,26.843691991252168,29.82632443472463,50.0,"['33761', '173278', '344492', '682', '346110', '227517', '163934', '228588']"
1,1,3,7.738312687703082,8.59812520855898,25.0,"['517144', '40436', '193407']"
1,2,10,26.991953582532183,29.99105953614687,50.0,"['115209', '241758', '330646', '374743', '70024', '349207', '483016', '212890', '512375', '50580']"
1,3,3,12.668917518670186,14.07657502074465,25.0,"['233879', '99499', '240212']"
1,4,6,15.457462050223896,17.174957833582106,25.0,"['102922', '391468', '175523', '49829', '275286', '151863']"
1,5,1,2.303239592555091,2.55915510283899,25.0,['155119']
1,6,1,2.232582200657083,2.480646889618981,25.0,['470251']
1,7,10,29.198385996505724,32.442651107228585,50.0,"['160880', '144651', '454230', '515041', '347246', '301874', '133636', '114719', '523081', '268292']"
1,8,6,21.019264058859026,23.354737843176697,25.0,"['485566', '275091', '543373', '346824', '344492', '163934']"
1,9,11,31.105943229516146,34.562159143906825,50.0,"['267170', '439854', '118013', '191154', '202039', '434738', '370146', '538937', '173278', '75859', '379782']"
1,10,10,26.494649936422704,29.43849992935856,50.0,"['530550', '533820', '200374', '34928', '407592', '459665', '235662', '503022', '526365', '200098']"
1,11,8,21.793388012686002,24.214875569651113,25.0,"['184561', '412017', '3612', '432318', '330101', '136477', '61674', '436627']"
1,12,3,11.043138200064195,12.270153555626884,25.0,"['417306', '139404', '397555']"
1,13,2,9.125102966885269,10.139003296539187,25.0,"['384563', '314471']"
1,14,2,12.387083554102901,13.763426171225445,25.0,"['411339', '436282']"
1,15,2,16.081331086989927,17.86814565221103,25.0,"['192389', '180871']"
1,16,4,22.024696472770195,24.47188496974466,25.0,"['437803', '454310', '447578', '131226']"
1,17,5,15.421795060970018,17.13532784552224,25.0,"['250934', '19670', '275680', '300418', '238210']"
1,18,9,29.374951041611236,32.63883449067915,50.0,"['446322', '400528', '42766', '475046', '272937', '263068', '152328', '349166', '282048']"
1,19,9,26.752091229381488,29.724545810423876,50.0,"['193154', '489422', '87191', '379880', '199016', '27287', '265551', '212021', '43092']"
1,20,8,26.98600058877912,29.984445098643466,50.0,"['242999', '461107', '318055', '465182', '447938', '64839', '59912', '280063']"
1,21,11,26.981869235448215,29.979854706053572,50.0,"['206494', '391979', '509992', '137501', '465186', '312422', '109561', '419752', '320667', '176607', '486285']"
1,22,10,27.915110422719554,31.01678935857728,50.0,"['376796', '303622', '190006', '7292', '415007', '410593', '175316', '491740', '136784', '324981']"
1,23,9,28.459695780796196,31.62188420088466,50.0,"['302621', '203949', '242598', '30686', '100763', '229548', '277767', '487621', '215583']"
1,24,2,11.339934562927722,12.599927292141913,25.0,"['119634', '309544']"
1,25,2,8.499159643513485,9.443510715014982,25.0,"['97305', '209609']"
1,26,8,20.125134667649935,22.36126074183326,25.0,"['254623', '290676', '161861', '547294', '223077', '425185', '500895', '33761']"
1,27,6,14.962344944166995,16.624827715741105,25.0,"['350164', '194635', '356235', '498854', '545696', '291601']"
1,28,3,12.525544144030649,13.917271271145164,25.0,"['492245', '472992', '289058']"
1,29,2,13.408256445455113,14.898062717172348,25.0,"['213027', '277908']"
1,30,5,15.283731245065082,16.98192360562787,25.0,"['228588', '348481', '15089', '372499', '265588']"
1,31,6,15.908553437369081,17.676170485965645,25.0,"['461295', '22158', '146446', '111501', '192312', '300631']"
1,32,2,12.52683217661826,13.918702418464733,25.0,"['186366', '521269']"
1,33,12,34.38621700237299,38.20690778041443,50.0,"['18626', '358737', '500108', '515502', '343474', '203389', '188110', '10740', '499943', '172572', '538593', '216764']"
1,34,10,25.721477788637515,28.579419765152792,50.0,"['156716', '128310', '56167', '253224', '159349', '498546', '372134', '383204', '53693', '60197']"
1,35,11,31.084452292179737,34.53828032464415,50.0,"['172155', '414301', '122061', '528850', '224866', '180949', '35932', '262502', '226598', '327596', '517304']"
1,36,13,36.019282152317686,40.021424613686314,50.0,"['269943', '524444', '293636', '524546', '261325', '202555', '201834', '385476', '100023', '51960', '414177', '192800', '91397']"
1,37,9,29.422948123962936,32.692164582181036,50.0,"['369049', '424439', '398312', '173392', '303298', '47840', '237735', '404817', '213002']"
1,38,4,12.977681932546592,14.419646591718434,25.0,"['59425', '907', '269586', '378673']"
1,39,3,15.255789920778238,16.950877689753597,25.0,"['489009', '6545', '516263']"
1,40,1,7.509538658906417,8.34393184322935,25.0,['2098']
1,41,2,9.455089366049613,10.505654851166236,25.0,"['56291', '123278']"
1,42,3,19.774280125110934,21.97142236123437,25.0,"['162605', '497858', '299045']"
1,43,12,33.860885411789155,37.62320601309906,50.0,"['292090', '279160', '249134', '292117', '396589', '528839', '434494', '160898', '287709', '186924', '279', '147115']"
1,44,6,24.156544817286942,26.840605352541047,50.0,"['201928', '505847', '389744', '284091', '140441', '193900']"
1,45,7,24.65250982477751,27.39167758308612,50.0,"['524510', '367483', '117120', '488510', '162090', '383865', '535774']"
1,46,12,22.94720387437552,25.49689319375058,50.0,"['121143', '346726', '42335', '60725', '173606', '519092', '89529', '504397', '506220', '217854', '226419', '155532']"
1,47,2,14.142919145530298,15.714354606144775,25.0,"['262816', '317423']"
1,48,1,0.8026605199225336,0.8918450221361485,25.0,['487999']
1,49,12,37.259550878590176,41.39950097621131,50.0,"['421285', '67168', '224398', '449778', '96010', '507777', '495378', '153713', '236160', '49559', '403104', '522245']"
1,50,4,18.466529144373553,20.518365715970614,25.0,"['513045', '483644', '163213', '372892']"
1,51,8,21.326212476422903,23.695791640469892,25.0,"['162004', '270459', '332159', '179886', '543210', '464312', '478833', '423568']"
1,52,9,36.08378626417418,40.093095849082424,50.0,"['446024', '467636', '237962', '346823', '230501', '233698', '63556', '115968', '319337']"
1,53,13,34.99540135832936,38.883779287032624,50.0,"['131095', '401027', '525441', '371047', '27832', '240492', '25615', '302815', '307573', '239992', '405479', '163371', '89230']"
1,54,2,16.1337015647015,17.926335071890556,25.0,"['493708', '257435']"
1,55,1,11.163075206852366,12.403416896502629,25.0,['381418']
1,56,2,7.602652143225955,8.44739127025106,25.0,"['494663', '436427']"
1,57,4,21.079879062071154,23.422087846745725,25.0,"['228624', '432616', '114941', '279405']"
1,58,11,38.05329931145973,42.2814436793997,50.0,"['517258', '339433', '103643', '142620', '209412', '534341', '4916', '227517', '364878', '249827', '196305']"
1,59,5,13.177184535792057,14.641316150880062,25.0,"['486098', '196926', '157218', '289531', '301504']"
1,60,12,30.20998889609269,33.56665432899187,50.0,"['174570', '183875', '93768', '124966', '341963', '469666', '215510', '546972', '519534', '72989', '468180', '187566']"
1,61,2,8.444297257885468,9.38255250876163,25.0,"['420097', '438056']"
1,62,1,5.939185332573674,6.599094813970749,25.0,['104860']
1,63,3,23.339892234464738,25.933213593849707,50.0,"['201819', '315517', '232939']"
1,64,9,19.611768247020027,21.79085360780003,25.0,"['263662', '510701', '21595', '188246', '117115', '241331', '469041', '388148', '201687']"
1,65,8,36.35107966086266,40.39008851206962,50.0,"['145405', '452846', '453474', '54697', '392995', '176608', '40995', '8083']"
1,66,3,10.014579821176348,11.127310912418164,25.0,"['318102', '305045', '329861']"
1,67,5,23.400382257074618,26.00042473008291,50.0,"['337614', '539605', '261802', '531771', '412019']"
1,68,10,25.141731019543695,27.935256688381884,50.0,"['336050', '520838', '409483', '408279', '264018', '543603', '273801', '504968', '55949', '401975']"
1,69,7,20.34219736612037,22.602441517911522,25.0,"['526989', '524496', '122601', '284247', '233532', '284293', '544772']"
1,70,7,18.64126432899121,20.712515921101343,25.0,"['496323', '472629', '364735', '104562', '81741', '436458', '456950']"
1,71,2,5.457452655336239,6.063836283706932,25.0,"['516138', '420064']"
1,72,10,25.749908411800334,28.611009346444813,50.0,"['381381', '92339', '521372', '343990', '428666', '346110', '370745', '176384', '225070', '451476']"
1,73,13,38.13253952113777,42.369488356819744,50.0,"['68863', '21295', '425465', '242516', '139272', '304201', '69509', '502985', '104208', '241959', '248997', '40454', '219636']"
1,74,2,16.354294721752545,18.17143857972505,25.0,"['77240', '499731']"
1,75,7,15.468504075809015,17.187226750898905,25.0,"['340776', '241676', '343064', '452422', '175687', '513336', '124544']"
1,76,3,17.076711793129228,18.97412421458803,25.0,"['254810', '67186', '188953']"
1,77,5,15.039439163150083,16.710487959055648,25.0,"['259004', '345470', '219611', '274702', '165026']"
1,78,3,14.256355771007895,15.840395301119884,25.0,"['407841', '44738', '524907']"
1,79,7,38.15826528137461,42.39807253486068,50.0,"['282801', '391969', '440204', '294527', '106794', '492549', '516545']"
1,80,4,16.710403260448878,18.567114733832085,25.0,"['494604', '38407', '142507', '428936']"
1,81,9,24.556354755251625,27.28483861694625,50.0,"['531662', '267376', '545763', '110117', '111557', '127663', '20621', '404858', '449181']"
1,82,4,19.00094000243219,21.11215555825799,25.0,"['213568', '541074', '173050', '325789']"
1,83,6,19.529691886228736,21.69965765136526,25.0,"['106564', '530378', '361750', '111433', '210595', '448971']"
1,84,2,15.934000185763688,17.704444650848544,25.0,"['107460', '487751']"
1,85,7,16.881604144570886,18.757337938412096,25.0,"['208475', '153002', '119842', '114077', '531460', '331771', '547304']"
1,86,12,29.548796864791008,32.83199651643445,50.0,"['417114', '61379', '233753', '402638', '75607', '93799', '237120', '78581', '214106', '404444', '120305', '33973']"
1,87,7,24.24375477592078,26.937505306578643,50.0,"['520487', '342684', '392818', '450692', '316619', '493311', '327612']"
1,88,5,18.96304289064407,21.070047656271186,25.0,"['547937', '368041', '238996', '454770', '77868']"
1,89,9,33.72846917505392,37.476076861171016,50.0,"['175977', '485700', '159311', '330258', '160568', '537424', '284645', '527111', '476573']"
1,90,8,24.945210722340665,27.716900802600737,50.0,"['335542', '31427', '311107', '620', '185819', '383693', '371852', '129766']"
1,91,4,17.26008316570256,19.177870184113956,25.0,"['283566', '101380', '431957', '74247']"
1,92,6,26.58093350431531,29.534370560350347,50.0,"['16760', '262350', '523530', '541265', '188487', '369055']"
1,93,10,33.38468609533027,37.09409566147807,50.0,"['234094', '174597', '57620', '486178', '141350', '329123', '292676', '427800', '298162', '299354']"
1,94,2,14.791557576815677,16.43506397423964,25.0,"['131393', '473426']"
1,95,6,23.203329181832938,25.781476868703265,50.0,"['373657', '111132', '491749', '323278', '124562', '263375']"
1,96,13,31.054804671333596,34.505338523704,50.0,"['69626', '437412', '334183', '506136', '85660', '392777', '169460', '464315', '302838', '112300', '47630', '120348', '248626']"
1,97,12,31.25570872803541,34.72856525337267,50.0,"['69737', '26402', '450684', '184427', '321516', '429888', '326187', '203733', '79390', '130380', '446349', '471083']"
1,98,12,33.257007554208755,36.95223061578751,50.0,"['295670', '225298', '327131', '305432', '411121', '197532', '170825', '473498', '129763', '411518', '125128', '95555']"
1,99,5,30.495363974494246,33.88373774943805,50.0,"['527237', '352319', '459186', '47959', '68232']"
1,100,11,30.84426706665802,34.27140785184224,50.0,"['428747', '244264', '418397', '522556', '199812', '316051', '35073', '357027', '159900', '217704', '183304']"
1,101,3,9.334528264438191,10.37169807159799,25.0,"['216421', '57486', '142225']"
1,102,12,25.765223893322563,28.62802654813618,50.0,"['544508', '373440', '202088', '514303', '125925', '77324', '247213', '76849', '256426', '381122', '255345', '385325']"
1,103,4,22.996025236843924,25.551139152048805,50.0,"['67009', '341670', '32222', '312335']"
1,104,2,4.855035976561062,5.39448441840118,25.0,"['18838', '320013']"
1,105,2,22.432961049282266,24.925512276980296,25.0,"['79849', '199657']"
1,106,11,33.71637404162497,37.46263782402774,50.0,"['510593', '13050', '149516', '230471', '319626', '31965', '323846', '377381', '315490', '513516', '179644']"
1,107,9,35.07365593802911,38.97072882003235,50.0,"['238242', '84873', '361089', '168910', '452253', '352165', '69868', '362268', '432671']"
1,108,11,31.322411157944043,34.80267906438227,50.0,"['222350', '359302', '151790', '312', '412293', '44812', '267735', '451771', '396742', '436517', '506224']"
1,109,4,21.69097251730841,24.101080574787122,25.0,"['451978', '381087', '507808', '32833']"
1,110,9,31.417489882887203,34.90832209209689,50.0,"['160500', '152266', '389346', '482395', '167202', '304116', '422424', '122651', '97799']"
1,111,6,25.220932740574145,28.023258600637938,50.0,"['15007', '537920', '147319', '365132', '422231', '482358']"
1,112,8,27.64139795538192,30.7126643948688,50.0,"['5296', '463762', '48221', '241027', '97512', '389848', '543450', '361607']"
1,113,4,14.007303549265377,15.563670610294862,25.0,"['386874', '338070', '239985', '341616']"
1,114,12,35.115946969252846,39.01771885472538,50.0,"['35191', '96862', '298681', '52377', '39960', '454110', '682', '387140', '330074', '215656', '396629', '259612']"
1,115,4,19.24252479718675,21.380583107985277,25.0,"['500428', '95544', '20210', '391944']"
1,116,11,44.00814981218726,48.897944235763624,50.0,"['249276', '248221', '6945', '31382', '329260', '333827', '386916', '91480', '451461', '229481', '144143']"
1,117,12,32.40347473777662,36.0038608197518,50.0,"['95159', '541219', '337903', '488440', '88759', '66449', '325008', '359627', '487709', '256260', '395429', '126829']"
1,118,6,21.466025910436294,23.85113990048477,25.0,"['302088', '28159', '126795', '69842', '441278', '141246']"
2,1,13,28.965272098632475,32.18363566514719,50.0,"['369049', '250934', '242516', '436282', '224398', '340776', '386874', '173606', '336050', '412293', '620', '219611', '15089']"
2,2,1,9.47249378236528,10.524993091516977,25.0,['682']
2,3,1,10.550476997429259,11.722752219365843,25.0,['27832']
2,4,6,20.16951148572617,22.41056831747352,25.0,"['343990', '452422', '93799', '78581', '239985', '359627']"
2,5,1,13.69530425575098,15.2170047286122,25.0,['418397']
2,6,12,26.052102830024683,28.946780922249648,50.0,"['32222', '535774', '314471', '315517', '241758', '30686', '438056', '173050', '329260', '70024', '349166', '233698']"
2,7,1,4.586174831298059,5.095749812553398,25.0,['264018']
2,8,13,35.722416745132016,39.6915741612578,50.0,"['391468', '290676', '61379', '538593', '57486', '410593', '487999', '372499', '454310', '257435', '133636', '487621', '106794']"
2,9,10,34.09801434266955,37.88668260296617,50.0,"['524496', '431957', '6945', '547937', '417114', '229548', '100763', '120305', '175977', '77324']"
2,10,8,21.26703021478111,23.63003357197901,25.0,"['160500', '179886', '47630', '33973', '520487', '515041', '421285', '470251']"
2,11,13,49.333703862225505,54.815226513583895,75.0,"['341616', '289058', '241959', '180949', '376796', '361089', '451476', '97305', '486178', '546972', '411121', '402638', '503022']"
2,12,6,15.253791460434407,16.94865717826045,25.0,"['265588', '111433', '125925', '106564', '389744', '367483']"
2,13,1,3.411996977397058,3.791107752663398,25.0,['42335']
2,14,10,24.449199562674195,27.165777291860216,50.0,"['201687', '358737', '208475', '335542', '110117', '75607', '346824', '139272', '7292', '188953']"
2,15,6,13.935463369621731,15.48384818846859,25.0,"['206494', '196305', '379782', '361750', '396589', '261325']"
2,16,5,24.862510295161204,27.625011439068004,50.0,"['317423', '330074', '538937', '55949', '16760']"
2,17,12,27.447727947271915,30.497475496968793,50.0,"['209412', '498546', '196926', '384563', '469041', '471083', '512375', '284293', '225298', '142507', '392995', '239992']"
2,18,7,36.445430426369974,40.494922695966636,50.0,"['319626', '97799', '128310', '534341', '249276', '267376', '179644']"
2,19,4,15.605660201841893,17.339622446490992,25.0,"['510701', '111132', '337614', '388148']"
2,20,3,13.963797565853188,15.515330628725764,25.0,"['188487', '100023', '298162']"
2,21,7,26.41239347213196,29.3471038579244,50.0,"['283566', '326187', '160568', '144651', '400528', '109561', '450692']"
2,22,7,20.35985852696573,22.622065029961924,25.0,"['461295', '414177', '186366', '139404', '302815', '176607', '63556']"
2,23,6,28.656801232944986,31.840890258827763,50.0,"['446349', '449181', '341670', '467636', '391944', '142620']"
2,24,2,8.17947561094841,9.088306234387122,25.0,"['482358', '408279']"
2,25,9,27.204466483806616,30.22718498200735,50.0,"['299045', '240212', '304201', '291601', '222350', '111501', '67009', '21295', '131393']"
2,26,8,25.64367731023203,28.492974789146697,50.0,"['50580', '61674', '262502', '202039', '267735', '103643', '228624', '362268']"
2,27,11,37.57045990047522,41.74495544497247,50.0,"['263662', '524907', '368041', '201819', '337903', '292117', '405479', '302088', '373657', '230471', '502985']"
2,28,5,16.770233748115558,18.63359305346173,25.0,"['131095', '153002', '396629', '194635', '439854']"
2,29,11,34.298966290488494,38.10996254498721,50.0,"['428747', '485700', '60725', '491740', '136477', '107460', '153713', '304116', '464312', '370745', '459665']"
2,30,10,28.413235909995237,31.570262122216928,50.0,"['199016', '397555', '240492', '176608', '506220', '232939', '163371', '200374', '346823', '275286']"
2,31,10,37.26817100754708,41.40907889727453,50.0,"['124966', '352319', '31382', '53693', '365132', '256260', '476573', '446024', '238996', '385476']"
2,32,10,39.545431244693155,43.93936804965906,50.0,"['15007', '215583', '275091', '436517', '513045', '28159', '488440', '320013', '441278', '40436']"
2,33,2,17.86034655015541,19.844829500172676,25.0,"['13050', '130380']"
2,34,13,38.33988519990053,42.59987244433392,50.0,"['284645', '129763', '334183', '47840', '383693', '486098', '214106', '229481', '242999', '510593', '85660', '226419', '270459']"
2,35,1,3.8083526428463217,4.231502936495913,25.0,['91480']
2,36,6,14.784685211197706,16.427428012441894,25.0,"['500895', '275680', '299354', '161861', '159349', '541265']"
2,37,13,30.168132263792934,33.520146959769924,50.0,"['20210', '436427', '184427', '341963', '530378', '254623', '543373', '227517', '343474', '451461', '385325', '174597', '175316']"
2,38,5,18.161375778895817,20.179306420995353,25.0,"['292090', '213568', '398312', '294527', '144143']"
2,39,11,29.494880696591515,32.77208966287946,50.0,"['35191', '323846', '414301', '454110', '76849', '371852', '300418', '21595', '411339', '389848', '499943']"
2,40,7,20.048157940852867,22.275731045392074,25.0,"['263068', '524546', '493311', '359302', '436458', '248626', '95159']"
2,41,10,24.05338563929388,26.725984043659864,50.0,"['525441', '293636', '500428', '175523', '92339', '117120', '404817', '155119', '327131', '180871']"
2,42,11,29.849578065443673,33.16619785049297,50.0,"['25615', '255345', '114719', '492245', '422424', '346726', '434738', '230501', '404858', '151863', '175687']"
2,43,11,37.88022576091673,42.089139734351924,50.0,"['287709', '485566', '387140', '242598', '263375', '96010', '72989', '261802', '226598', '377381', '356235']"
2,44,5,17.938818199244785,19.932020221383095,25.0,"['312', '60197', '238242', '127663', '513516']"
2,45,6,21.085386090816176,23.428206767573528,25.0,"['40995', '215656', '173278', '219636', '392777', '528839']"
2,46,9,34.05421099280664,37.8380122142296,50.0,"['22158', '5296', '473498', '199657', '432318', '521372', '184561', '279160', '352165']"
2,47,4,21.13920213474744,23.488002371941597,25.0,"['202088', '451978', '33761', '217704']"
2,48,8,19.55657871977568,21.729531910861866,25.0,"['325008', '371047', '312422', '233532', '26402', '412017', '468180', '2098']"
2,49,12,34.45993978836315,38.288821987070165,50.0,"['424439', '303298', '235662', '225070', '265551', '396742', '212021', '67186', '364735', '434494', '539605', '102922']"
2,50,8,21.289214115728747,23.65468235080972,25.0,"['87191', '10740', '309544', '381381', '169460', '200098', '4916', '319337']"
2,51,7,24.041378143538434,26.712642381709372,50.0,"['168910', '262350', '237735', '122061', '197532', '56167', '498854']"
2,52,2,20.04529239538871,22.272547105987456,25.0,"['213002', '315490']"
2,53,13,39.90536659081007,44.339296212011185,50.0,"['415007', '137501', '409483', '152266', '295670', '381087', '345470', '506224', '500108', '119842', '145405', '162090', '330258']"
2,54,1,21.227252213694875,23.585835792994306,25.0,['47959']
2,55,3,18.225811356240254,20.250901506933616,25.0,"['39960', '459186', '300631']"
2,56,3,8.813707378098517,9.793008197887241,25.0,"['318102', '541219', '101380']"
2,57,6,19.17233020377687,21.302589115307633,25.0,"['530550', '454230', '370146', '81741', '487709', '249134']"
2,58,9,29.446830302677082,32.71870033630787,50.0,"['425185', '320667', '531460', '35932', '183304', '456950', '465186', '238210', '516545']"
2,59,12,36.57080011974885,40.6342223552765,50.0,"['18626', '223077', '521269', '104860', '369055', '172155', '344492', '172572', '147115', '115968', '316051', '118013']"
2,60,1,8.147873600362457,9.05319288929162,25.0,['209609']
2,61,3,14.952679793910395,16.61408865990044,25.0,"['188110', '330101', '199812']"
2,62,9,25.06657775521607,27.85175306135119,50.0,"['274702', '332159', '425465', '114077', '201834', '482395', '157218', '115209', '93768']"
2,63,10,28.519285540828733,31.68809504536526,50.0,"['327596', '96862', '233753', '52377', '519534', '407592', '27287', '6545', '463762', '509992']"
2,64,10,33.519052018449706,37.243391131610785,50.0,"['446322', '8083', '350164', '141246', '277767', '42766', '451771', '69868', '188246', '523530']"
2,65,11,25.137386004091013,27.93042889343446,50.0,"['545763', '473426', '324981', '348481', '160898', '448971', '126795', '77240', '124562', '526365', '18838']"
2,66,1,2.7810692903352097,3.0900769892613438,25.0,['517258']
2,67,7,20.456215390395087,22.729128211550098,25.0,"['321516', '404444', '282048', '504397', '547294', '192312', '279405']"
2,68,7,23.49395200906139,26.10439112117932,50.0,"['79849', '40454', '420064', '327612', '89529', '514303', '452846']"
2,69,4,23.86315440144591,26.514616001606566,50.0,"['541074', '447578', '401027', '212890']"
2,70,13,33.031767594475156,36.701963993861284,50.0,"['241676', '190006', '289531', '339433', '411518', '49559', '364878', '248997', '253224', '427800', '162004', '403104', '461107']"
2,71,11,46.591634995690654,51.76848332854517,75.0,"['544508', '440204', '305045', '277908', '507808', '381122', '259612', '531662', '237120', '547304', '465182']"
2,72,11,24.895569707021583,27.661744118912868,50.0,"['513336', '44812', '280063', '543210', '69509', '193154', '248221', '333827', '104562', '114941', '483016']"
2,73,12,28.602304621351312,31.780338468168125,50.0,"['517304', '170825', '176384', '329123', '318055', '241331', '545696', '68863', '330646', '524444', '51960', '268292']"
2,74,11,29.448903965368395,32.721004405964884,50.0,"['492549', '167202', '374743', '122651', '111557', '312335', '487751', '216764', '146446', '494663', '165026']"
2,75,1,8.775670174311049,9.750744638123388,25.0,['422231']
2,76,3,7.890663303280649,8.76740367031183,25.0,"['488510', '519092', '496323']"
2,77,10,26.852756769335986,29.836396410373318,50.0,"['66449', '269943', '241027', '183875', '141350', '129766', '307573', '279', '343064', '338070']"
2,78,8,24.641650536441393,27.379611707157103,50.0,"['391969', '386916', '522245', '213027', '323278', '537424', '329861', '522556']"
2,79,7,18.721884135458087,20.802093483842317,25.0,"['162605', '395429', '57620', '215510', '301874', '526989', '531771']"
2,80,9,35.12258860509154,39.025098450101716,50.0,"['515502', '450684', '79390', '506136', '173392', '75859', '533820', '507777', '59425']"
2,81,8,22.178766660456457,24.643074067173842,25.0,"['217854', '97512', '499731', '259004', '120348', '210595', '516138', '59912']"
2,82,8,29.182270328792395,32.42474480976933,50.0,"['136784', '489422', '347246', '89230', '401975', '193407', '44738', '346110']"
2,83,12,36.177298282684276,40.196998091871414,50.0,"['491749', '203389', '437412', '478833', '475046', '149516', '117115', '77868', '282801', '31965', '74247', '192389']"
2,84,3,7.288992949840291,8.0988810553781,25.0,"['528850', '267170', '383204']"
2,85,1,7.376342166116137,8.195935740129041,25.0,['543450']
2,86,13,35.61807541194206,39.57563934660229,50.0,"['412019', '203733', '119634', '373440', '391979', '517144', '516263', '151790', '378673', '523081', '357027', '342684', '160880']"
2,87,2,9.27864306413803,10.309603404597812,25.0,"['372134', '464315']"
2,88,1,5.638120430579858,6.264578256199842,25.0,['84873']
2,89,7,24.836256197787478,27.595840219763865,50.0,"['407841', '233879', '383865', '543603', '95555', '469666', '54697']"
2,90,1,4.247347960285493,4.719275511428326,25.0,['249827']
2,91,7,17.985472586991314,19.98385842999035,25.0,"['237962', '20621', '495378', '43092', '147319', '140441', '159900']"
2,92,13,39.45736673171217,43.8415185907913,50.0,"['228588', '123278', '493708', '256426', '31427', '104208', '48221', '32833', '494604', '537920', '520838', '303622', '124544']"
2,93,5,12.41387796787405,13.793197742082278,25.0,"['125128', '99499', '191154', '272937', '907']"
2,94,4,15.669218080945743,17.410242312161937,25.0,"['19670', '527111', '68232', '186924']"
2,95,5,17.02541167987507,18.91712408875008,25.0,"['203949', '419752', '423568', '486285', '325789']"
2,96,2,10.568801060797966,11.743112289775517,25.0,"['524510', '428666']"
2,97,5,29.857338655406256,33.17482072822917,50.0,"['447938', '269586', '34928', '497858', '527237']"
2,98,9,20.506811625442737,22.78534625049193,25.0,"['234094', '302621', '472629', '429888', '428936', '284247', '311107', '244264', '389346']"
2,99,4,15.780938468075366,17.534376075639294,25.0,"['483644', '163934', '192800', '379880']"
2,100,12,34.454381726302934,38.282646362558815,50.0,"['224866', '56291', '437803', '193900', '349207', '69626', '49829', '201928', '417306', '122601', '156716', '64839']"
2,101,4,15.370839437143903,17.078710485715447,25.0,"['454770', '216421', '544772', '361607']"
2,102,3,8.28520832528131,9.205787028090345,25.0,"['88759', '247213', '67168']"
2,103,8,24.47802057100759,27.19780063445288,50.0,"['155532', '432671', '112300', '284091', '262816', '302838', '69737', '372892']"
2,104,13,34.746580138750474,38.607311265278305,50.0,"['331771', '504968', '316619', '202555', '121143', '273801', '126829', '174570', '449778', '505847', '38407', '453474', '298681']"
2,105,7,35.78623915876079,39.76248795417866,50.0,"['305432', '236160', '187566', '131226', '381418', '301504', '292676']"
2,106,9,29.153889928597202,32.39321103177467,50.0,"['392818', '35073', '436627', '69842', '432616', '254810', '91397', '489009', '452253']"
2,107,9,23.96491477909428,26.62768308788253,50.0,"['185819', '95544', '152328', '420097', '3612', '142225', '163213', '159311', '472992']"
3,1,12,30.309426878482903,33.67714097609211,50.0,"['265588', '120348', '524444', '398312', '239985', '522245', '396742', '33973', '35932', '275091', '214106', '292117']"
3,2,3,12.569219522077026,13.965799468974472,25.0,"['392777', '93799', '422231']"
3,3,4,13.963608564081904,15.515120626757671,25.0,"['361607', '126829', '478833', '155119']"
3,4,11,26.794532589727652,29.771702877475168,50.0,"['408279', '341616', '428666', '327131', '424439', '69626', '124562', '449181', '175523', '524546', '515041']"
3,5,7,26.644868135169045,29.605409039076715,50.0,"['545696', '507808', '521372', '217704', '239992', '263375', '8083']"
3,6,6,22.290224814941915,24.76691646104657,25.0,"['432318', '123278', '240212', '320013', '522556', '436517']"
3,7,13,28.663218333145092,31.848020370161212,50.0,"['470251', '411518', '42766', '33761', '538593', '77240', '149516', '284293', '131095', '122061', '330646', '391969', '122651']"
3,8,8,22.044945126280684,24.494383473645204,25.0,"['302815', '18838', '180871', '228588', '96010', '531662', '489422', '219636']"
3,9,3,15.514487226968386,17.238319141075984,25.0,"['197532', '451476', '527237']"
3,10,3,16.95166616143406,18.83518462381562,25.0,"['381087', '451771', '330258']"
3,11,2,17.588408270744342,19.5426758563826,25.0,"['229481', '167202']"
3,12,5,19.87372712715008,22.081919030166755,25.0,"['265551', '289058', '434738', '59912', '425465']"
3,13,12,35.4322593654825,39.36917707275833,50.0,"['465186', '419752', '249276', '61379', '275286', '241959', '345470', '516545', '75607', '269586', '506224', '454230']"
3,14,8,21.71272100408195,24.125245560091052,25.0,"['119842', '401027', '240492', '254623', '238242', '131393', '208475', '494663']"
3,15,5,20.45484731115825,22.727608123509167,25.0,"['299354', '407592', '325789', '162090', '404444']"
3,16,3,10.48913616619711,11.65459574021901,25.0,"['179886', '452422', '53693']"
3,17,10,26.910238193260174,29.90026465917797,50.0,"['531460', '114941', '461295', '510701', '384563', '201819', '343474', '188487', '329260', '111557']"
3,18,9,29.398739013298773,32.66526557033197,50.0,"['124966', '452846', '547294', '525441', '447938', '160568', '452253', '64839', '183875']"
3,19,10,22.360066064353052,24.844517849281168,25.0,"['20621', '68232', '300418', '170825', '376796', '3612', '188246', '217854', '498854', '124544']"
3,20,12,45.96006345447929,51.06673717164365,75.0,"['482395', '519092', '193154', '389848', '290676', '242999', '440204', '504968', '144651', '227517', '528839', '428747']"
3,21,2,5.335889510284085,5.928766122537872,25.0,"['199812', '104208']"
3,22,5,16.03650268599305,17.818336317770054,25.0,"['383693', '176608', '348481', '316051', '524510']"
3,23,1,9.53402799816277,10.593364442403077,25.0,['342684']
3,24,3,18.79486590196841,20.883184335520458,25.0,"['151863', '215583', '357027']"
3,25,3,11.832313572016872,13.147015080018747,25.0,"['210595', '274702', '163934']"
3,26,1,3.6947431720616977,4.105270191179664,25.0,['102922']
3,27,3,11.830196527447889,13.14466280827543,25.0,"['450684', '237735', '159349']"
3,28,3,7.949615752651402,8.832906391834891,25.0,"['224398', '343064', '517258']"
3,29,2,11.180536005690477,12.42281778410053,25.0,"['383865', '403104']"
3,30,11,39.2486550962492,43.60961677361022,50.0,"['139404', '201928', '326187', '47630', '447578', '385325', '185819', '238210', '57486', '27832', '369055']"
3,31,7,21.54166565428929,23.935184060321433,25.0,"['237120', '530378', '292090', '241676', '280063', '287709', '367483']"
3,32,4,15.655166313514883,17.394629237238757,25.0,"['381381', '284645', '482358', '126795']"
3,33,6,21.96394048161044,24.404378312900487,25.0,"['541074', '97305', '302838', '397555', '487709', '431957']"
3,34,2,8.303798450185237,9.226442722428041,25.0,"['95544', '429888']"
3,35,1,7.868816845866751,8.743129828740834,25.0,['489009']
3,36,11,32.07258365155136,35.63620405727929,50.0,"['172155', '392995', '159900', '449778', '241027', '509992', '121143', '336050', '292676', '331771', '216764']"
3,37,3,17.655914129964472,19.61768236662719,25.0,"['69842', '454310', '69737']"
3,38,11,28.701001506140667,31.89000167348963,50.0,"['436427', '304201', '59425', '159311', '140441', '226419', '81741', '469666', '153713', '196305', '349166']"
3,39,10,22.32891577639674,24.8099064182186,25.0,"['267376', '515502', '42335', '311107', '183304', '115209', '338070', '35073', '329123', '206494']"
3,40,6,20.03897788393726,22.265530982152512,25.0,"['34928', '312422', '468180', '350164', '193900', '173050']"
3,41,8,27.43558540678726,30.48398378531918,50.0,"['499943', '531771', '69509', '233698', '89230', '301504', '47840', '162004']"
3,42,5,15.379372997527582,17.08819221947509,25.0,"['270459', '370745', '145405', '237962', '106564']"
3,43,4,10.603171149875347,11.781301277639274,25.0,"['199016', '283566', '547304', '400528']"
3,44,1,8.559193073752319,9.510214526391465,25.0,['32833']
3,45,13,35.15420505168814,39.06022783520904,50.0,"['79849', '459186', '153002', '461107', '262350', '291601', '436458', '2098', '157218', '513045', '32222', '333827', '203733']"
3,46,7,18.871703452099144,20.96855939122127,25.0,"['70024', '526365', '339433', '298681', '49559', '248221', '186924']"
3,47,1,6.751891995929481,7.502102217699423,25.0,['304116']
3,48,1,11.765636443228356,13.07292938136484,25.0,['487621']
3,49,12,33.76246905533161,37.51385450592401,50.0,"['60725', '392818', '162605', '415007', '370146', '25615', '44738', '56167', '502985', '422424', '521269', '512375']"
3,50,13,32.05317156977911,35.61463507753234,50.0,"['163213', '77324', '200374', '201834', '100023', '437412', '256426', '106794', '488440', '117120', '464315', '74247', '133636']"
3,51,6,22.474214847816704,24.97134983090745,25.0,"['486285', '13050', '15089', '120305', '486098', '476573']"
3,52,4,18.999750679427887,21.110834088253206,25.0,"['174570', '129763', '425185', '104860']"
3,53,11,46.240115973710815,51.37790663745646,75.0,"['407841', '427800', '346824', '337903', '180949', '78581', '114077', '119634', '84873', '514303', '233753']"
3,54,12,34.57307380913263,38.41452645459181,50.0,"['318055', '507777', '485700', '188110', '379880', '69868', '410593', '451461', '222350', '305432', '451978', '233532']"
3,55,3,18.30430596732568,20.338117741472974,25.0,"['436627', '51960', '520838']"
3,56,11,28.405814111049764,31.56201567894418,50.0,"['176607', '284247', '359302', '411121', '269943', '469041', '225070', '385476', '6945', '312335', '327596']"
3,57,2,22.6067110028018,25.118567780890885,50.0,"['486178', '453474']"
3,58,5,14.080229236478758,15.644699151643064,25.0,"['369049', '259612', '92339', '273801', '57620']"
3,59,2,9.704850863375418,10.783167625972686,25.0,"['97799', '383204']"
3,60,12,28.15138975951183,31.279321955013142,50.0,"['10740', '491749', '487999', '284091', '38407', '68863', '257435', '506220', '163371', '196926', '175316', '329861']"
3,61,7,21.778876367627834,24.19875151958648,25.0,"['517304', '267170', '233879', '459665', '248997', '463762', '192389']"
3,62,7,20.056660351717394,22.28517816857488,25.0,"['388148', '396629', '104562', '110117', '500428', '387140', '234094']"
3,63,10,28.98424154101415,32.204712823349055,50.0,"['96862', '294527', '356235', '229548', '202039', '494604', '100763', '539605', '305045', '156716']"
3,64,12,44.455234195903266,49.39470466211474,50.0,"['346823', '250934', '464312', '374743', '142620', '264018', '389744', '67168', '473498', '312', '298162', '352165']"
3,65,2,20.59426144479776,22.882512716441955,25.0,"['230471', '465182']"
3,66,11,29.586151989644264,32.87350221071585,50.0,"['40995', '318102', '372134', '93768', '115968', '544772', '506136', '340776', '141246', '212021', '22158']"
3,67,7,28.2808884230828,31.423209358980888,50.0,"['279405', '279', '248626', '372892', '412019', '402638', '526989']"
3,68,3,21.166203832676842,23.518004258529825,25.0,"['151790', '67009', '89529']"
3,69,3,10.479042710248793,11.643380789165326,25.0,"['175977', '20210', '368041']"
3,70,12,25.47528327390956,28.305870304343955,50.0,"['272937', '381418', '488510', '303298', '524907', '111433', '307573', '26402', '55949', '28159', '144143', '523081']"
3,71,13,43.05111393841621,47.83457104268467,50.0,"['228624', '95159', '147115', '27287', '386874', '175687', '534341', '125128', '136477', '202088', '192800', '395429', '545763']"
3,72,5,18.826462444430785,20.918291604923095,25.0,"['21595', '282048', '122601', '190006', '186366']"
3,73,10,33.903983692515865,37.6710929916843,50.0,"['107460', '510593', '91480', '446349', '409483', '199657', '391979', '87191', '346726', '325008']"
3,74,10,34.543989325319465,38.38221036146607,50.0,"['238996', '282801', '6545', '249827', '230501', '236160', '224866', '202555', '168910', '63556']"
3,75,12,38.89956302064405,43.221736689604505,50.0,"['500895', '136784', '343990', '226598', '405479', '56291', '432616', '491740', '309544', '131226', '412017', '349207']"
3,76,4,17.162292534826513,19.069213927585015,25.0,"['48221', '259004', '61674', '365132']"
3,77,6,22.13580404963622,24.595337832929133,25.0,"['436282', '535774', '172572', '95555', '505847', '225298']"
3,78,5,18.564101208323997,20.626779120359995,25.0,"['517144', '371852', '523530', '289531', '76849']"
3,79,1,7.991707623344976,8.879675137049974,25.0,['379782']
3,80,1,5.096266783124391,5.66251864791599,25.0,['493311']
3,81,2,12.808043972388486,14.23115996932054,25.0,"['67186', '421285']"
3,82,7,20.68939148135982,22.988212757066467,25.0,"['31427', '18626', '263662', '109561', '30686', '456950', '547937']"
3,83,2,8.041591929660505,8.935102144067228,25.0,"['448971', '91397']"
3,84,4,15.717561175730701,17.463956861923002,25.0,"['173278', '128310', '471083', '52377']"
3,85,1,4.640406664359218,5.156007404843575,25.0,['142225']
3,86,2,8.261027869335923,9.178919854817691,25.0,"['79390', '302621']"
3,87,7,21.63981801391412,24.044242237682354,25.0,"['44812', '513336', '530550', '43092', '5296', '141350', '487751']"
3,88,1,2.8849456166457332,3.20549512960637,25.0,['295670']
3,89,7,20.55346747848197,22.837186087202188,25.0,"['194635', '372499', '389346', '483016', '193407', '302088', '503022']"
3,90,4,18.506981394858034,20.563312660953372,25.0,"['537920', '504397', '155532', '31965']"
3,91,6,20.985393013744066,23.317103348604515,25.0,"['361750', '111501', '173606', '165026', '337614', '513516']"
3,92,9,34.13819479169086,37.931327546323175,50.0,"['364735', '371047', '209412', '381122', '77868', '321516', '261802', '127663', '516263']"
3,93,8,30.691568846984254,34.10174316331584,50.0,"['500108', '391468', '446322', '437803', '279160', '473426', '192312', '524496']"
3,94,11,31.95974150214492,35.51082389127213,50.0,"['420097', '215510', '118013', '495378', '499731', '404858', '201687', '244264', '423568', '241758', '492549']"
3,95,2,10.74845348215992,11.942726091288801,25.0,"['498546', '682']"
3,96,8,18.18848721082002,20.20943023424447,25.0,"['60197', '516138', '420064', '346110', '324981', '358737', '152266', '242598']"
3,97,12,29.10277427702341,32.33641586335934,50.0,"['263068', '142507', '277767', '99499', '467636', '362268', '235662', '50580', '72989', '268292', '320667', '378673']"
3,98,3,19.678091621438067,21.8645462460423,25.0,"['446024', '543373', '541265']"
3,99,10,24.89223803299664,27.658042258885157,50.0,"['129766', '414177', '319337', '147319', '247213', '520487', '300631', '293636', '359627', '439854']"
3,100,1,3.9485230231313393,4.387247803479266,25.0,['101380']
3,101,9,25.988127836024155,28.875697595582395,50.0,"['203389', '543603', '401975', '361089', '31382', '434494', '176384', '341963', '275680']"
3,102,8,20.833174516516063,23.147971685017847,25.0,"['169460', '125925', '188953', '254810', '396589', '541219', '472992', '485566']"
3,103,1,5.85936286604594,6.510403184495488,25.0,['528850']
3,104,6,19.67265981216614,21.85851090240682,25.0,"['315517', '544508', '253224', '232939', '335542', '483644']"
3,105,12,39.68326592794183,44.09251769771315,50.0,"['277908', '85660', '519534', '341670', '49829', '428936', '88759', '364878', '173392', '543210', '139272', '161861']"
3,106,6,20.39593238796893,22.662147097743254,25.0,"['200098', '414301', '223077', '412293', '66449', '261325']"
3,107,6,20.659361487808486,22.954846097564985,25.0,"['267735', '411339', '450692', '35191', '417306', '303622']"
3,108,11,29.494631204134826,32.7718124490387,50.0,"['493708', '314471', '187566', '249134', '114719', '334183', '472629', '454770', '543450', '241331', '347246']"
3,109,4,20.327368239905695,22.585964711006326,25.0,"['377381', '418397', '538937', '40454']"
3,110,1,3.5176269353603047,3.908474372622561,25.0,['212890']
3,111,2,8.023720936128953,8.915245484587725,25.0,"['496323', '404817']"
3,112,3,12.984565182667783,14.427294647408647,25.0,"['137501', '255345', '15007']"
3,113,13,34.15374296926045,37.948603299178274,50.0,"['179644', '330101', '373440', '97512', '203949', '432671', '191154', '213568', '111132', '130380', '391944', '438056', '4916']"
3,114,9,31.99416681593055,35.54907423992283,50.0,"['475046', '441278', '330074', '323278', '40436', '316619', '262502', '315490', '47959']"
3,115,3,11.555163828079804,12.839070920088671,25.0,"['299045', '54697', '160898']"
3,116,1,12.173466957702164,13.526074397446848,25.0,['537424']
3,117,11,32.039991884394084,35.599990982660096,50.0,"['103643', '454110', '386916', '492245', '39960', '256260', '21295', '184427', '215656', '19670', '184561']"
3,118,7,33.32650990669892,37.029455451887685,50.0,"['7292', '319626', '546972', '620', '497858', '327612', '242516']"
3,119,1,10.394013043163667,11.548903381292964,25.0,['533820']
3,120,2,13.18457955382846,14.649532837587177,25.0,"['16760', '262816']"
3,121,3,21.10690124702317,23.45211249669241,25.0,"['323846', '209609', '344492']"
3,122,10,30.346435770940197,33.71826196771133,50.0,"['152328', '317423', '117115', '75859', '216421', '146446', '213002', '213027', '907', '160880']"
3,123,9,24.13154916065243,26.812832400724922,50.0,"['417114', '352319', '527111', '373657', '160500', '301874', '112300', '332159', '174597']"
3,124,1,9.119789188583454,10.13309909842606,25.0,['219611']
4,1,7,25.418195183426565,28.242439092696184,50.0,"['295670', '265551', '47959', '174597', '33761', '75859', '81741']"
4,2,5,17.9589670860246,19.954407873360665,25.0,"['447938', '122601', '514303', '459665', '492245']"
4,3,4,16.600316354608722,18.444795949565247,25.0,"['412293', '327612', '547937', '418397']"
4,4,12,26.925264932172,29.916961035746663,50.0,"['388148', '421285', '346726', '423568', '340776', '256426', '172155', '451771', '237962', '323278', '79849', '279405']"
4,5,5,33.60623896511981,37.34026551679978,50.0,"['302621', '352165', '168910', '4916', '219636']"
4,6,6,19.02871040354609,21.143011559495655,25.0,"['319337', '469666', '18838', '157218', '300418', '299045']"
4,7,6,18.945843150499304,21.050936833888116,25.0,"['160500', '475046', '488440', '18626', '449181', '180871']"
4,8,9,24.518723045428963,27.24302560603218,50.0,"['417306', '162090', '226598', '238210', '315490', '401975', '175687', '275680', '255345']"
4,9,4,11.853411466127977,13.17045718458664,25.0,"['131226', '303622', '383204', '2098']"
4,10,10,24.413753936161008,27.12639326240112,50.0,"['215656', '489009', '141246', '226419', '463762', '541265', '436282', '128310', '169460', '92339']"
4,11,8,23.868701413148408,26.520779347942675,50.0,"['350164', '543603', '122651', '539605', '202039', '263662', '237735', '262502']"
4,12,1,8.636603236774137,9.59622581863793,25.0,['115209']
4,13,7,16.004296747975225,17.782551942194694,25.0,"['186924', '299354', '414177', '52377', '531460', '209412', '117120']"
4,14,6,17.962597435611226,19.958441595123585,25.0,"['7292', '97305', '387140', '419752', '173606', '331771']"
4,15,8,17.123912412492633,19.026569347214036,25.0,"['506220', '464312', '200098', '106794', '63556', '55949', '264018', '42335']"
4,16,4,10.30665766380442,11.45184184867158,25.0,"['543373', '273801', '111557', '35073']"
4,17,11,34.39081160863951,38.21201289848835,50.0,"['69868', '370146', '459186', '326187', '314471', '242598', '8083', '49559', '184427', '126829', '547294']"
4,18,1,9.52596307604704,10.584403417830044,25.0,['244264']
4,19,7,27.29138429986427,30.32376033318252,50.0,"['389346', '241676', '344492', '15007', '228588', '412019', '180949']"
4,20,1,13.691453446593158,15.212726051770176,25.0,['269943']
4,21,4,11.169990082900359,12.411100092111509,25.0,"['184561', '56291', '385325', '261325']"
4,22,4,22.489524378993554,24.98836042110395,25.0,"['6945', '325789', '280063', '339433']"
4,23,12,27.04346487886507,30.04829430985008,50.0,"['517144', '346110', '141350', '368041', '277908', '96010', '454770', '302088', '402638', '229548', '21595', '93768']"
4,24,6,23.1906804616077,25.767422735119663,50.0,"['372892', '40454', '31382', '99499', '376796', '543450']"
4,25,4,24.515529707623177,27.23947745291464,50.0,"['389744', '103643', '468180', '47840']"
4,26,1,4.640406664359218,5.156007404843575,25.0,['142225']
4,27,4,16.692774436978866,18.54752715219874,25.0,"['311107', '386874', '284247', '96862']"
4,28,12,37.137436712898,41.263818569886666,50.0,"['404444', '499943', '485700', '358737', '343064', '236160', '301504', '391944', '262816', '228624', '436517', '247213']"
4,29,12,35.98331913337903,39.98146570375447,50.0,"['124966', '521269', '383865', '223077', '347246', '200374', '504397', '163371', '77324', '307573', '163213', '461295']"
4,30,7,20.3226298290466,22.58069981005178,25.0,"['57486', '74247', '210595', '321516', '57620', '188487', '492549']"
4,31,1,1.8188177062238964,2.020908562470996,25.0,['173050']
4,32,7,25.846499939108796,28.71833326567644,50.0,"['396589', '100023', '404858', '342684', '298681', '156716', '434738']"
4,33,10,30.847298305203516,34.274775894670576,50.0,"['235662', '357027', '404817', '516263', '446024', '176384', '196926', '284645', '493708', '385476']"
4,34,8,32.94370730224418,36.60411922471575,50.0,"['248221', '391468', '334183', '485566', '262350', '431957', '85660', '303298']"
4,35,9,29.86424996364462,33.18249995960513,50.0,"['120348', '5296', '369055', '537424', '502985', '145405', '124544', '93799', '396629']"
4,36,3,7.303736394217686,8.115262660241873,25.0,"['84873', '526989', '496323']"
4,37,2,8.450882522126445,9.389869469029383,25.0,"['452846', '383693']"
4,38,8,25.728005269396746,28.58667252155194,50.0,"['381087', '111433', '349166', '277767', '115968', '367483', '51960', '274702']"
4,39,10,26.447296122531274,29.385884580590304,50.0,"['446349', '543210', '333827', '525441', '451476', '188953', '452422', '201687', '217854', '538593']"
4,40,11,32.72683412591424,36.36314902879359,50.0,"['106564', '519534', '524907', '682', '432318', '39960', '620', '240212', '216764', '343990', '302838']"
4,41,1,6.7595611261197295,7.5106234734663655,25.0,['284091']
4,42,9,25.33745285695241,28.15272539661379,50.0,"['513336', '318102', '436627', '487751', '59425', '186366', '471083', '304116', '263068']"
4,43,12,32.31777886737388,35.90864318597098,50.0,"['422231', '486098', '32222', '64839', '312422', '78581', '312', '229481', '329260', '163934', '253224', '486285']"
4,44,1,5.011288320026308,5.5680981333625645,25.0,['531662']
4,45,5,19.11165302287869,21.235170025420768,25.0,"['212890', '400528', '175523', '487709', '275091']"
4,46,11,26.651420124011892,29.61268902667988,50.0,"['232939', '146446', '341963', '432671', '401027', '199016', '320013', '238996', '391969', '114941', '159311']"
4,47,8,22.668074542584442,25.18674949176049,50.0,"['470251', '172572', '117115', '188110', '47630', '119842', '239985', '513045']"
4,48,7,17.46459491345535,19.405105459394832,25.0,"['293636', '95555', '517258', '188246', '395429', '49829', '316051']"
4,49,12,40.75695815467779,45.2855090607531,50.0,"['139272', '250934', '190006', '100763', '203389', '224866', '137501', '95544', '242516', '325008', '346824', '535774']"
4,50,7,13.887978858674913,15.431087620749903,25.0,"['408279', '267735', '104208', '283566', '429888', '124562', '302815']"
4,51,2,11.133729765461144,12.370810850512381,25.0,"['528839', '298162']"
4,52,7,28.027657570178118,31.141841744642353,50.0,"['254623', '499731', '396742', '447578', '524444', '287709', '438056']"
4,53,11,25.689076424715036,28.543418249683373,50.0,"['217704', '364878', '269586', '453474', '170825', '275286', '469041', '397555', '373440', '391979', '520838']"
4,54,1,10.713580193928173,11.903977993253525,25.0,['192800']
4,55,5,13.83374678475796,15.370829760842177,25.0,"['289531', '19670', '417114', '70024', '352319']"
4,56,2,9.747980792647537,10.831089769608374,25.0,"['361089', '267170']"
4,57,8,19.209476185469406,21.34386242829934,25.0,"['248997', '315517', '89529', '22158', '407592', '304201', '336050', '378673']"
4,58,3,13.927975904358204,15.475528782620227,25.0,"['185819', '381381', '173392']"
4,59,12,36.493467678687246,40.5482974207636,50.0,"['523081', '489422', '153002', '201928', '183304', '20210', '142620', '155119', '449778', '10740', '521372', '369049']"
4,60,8,30.712442916712504,34.124936574125,50.0,"['531771', '191154', '537920', '425185', '248626', '522245', '268292', '544508']"
4,61,6,15.094745704353073,16.771939671503414,25.0,"['437412', '155532', '420064', '136477', '254810', '160568']"
4,62,13,26.91266567061036,29.90296185623373,50.0,"['392995', '208475', '436427', '305045', '199657', '242999', '427800', '329861', '478833', '279', '176607', '381122', '500895']"
4,63,10,37.57109265459738,41.745658505108196,50.0,"['282048', '79390', '465182', '491740', '384563', '60197', '69737', '356235', '371852', '392818']"
4,64,8,29.391539725620092,32.657266361800104,50.0,"['541074', '192312', '91397', '237120', '97512', '131393', '434494', '151790']"
4,65,12,30.974950592836066,34.41661176981785,50.0,"['483644', '165026', '213027', '425465', '144143', '318055', '219611', '292676', '224398', '545763', '483016', '151863']"
4,66,7,25.5642711685011,28.404745742779,50.0,"['547304', '327131', '506136', '420097', '330101', '341670', '13050']"
4,67,10,31.777983164494835,35.30887018277204,50.0,"['290676', '412017', '409483', '192389', '201819', '68232', '292090', '230501', '524510', '361607']"
4,68,1,3.5919677195694697,3.9910752439660775,25.0,['506224']
4,69,3,14.1319926120024,15.702214013335999,25.0,"['372499', '222350', '77240']"
4,70,10,28.609470313166693,31.78830034796299,50.0,"['203949', '446322', '341616', '159349', '175316', '507777', '428666', '25615', '451978', '241027']"
4,71,1,6.763484626791414,7.514982918657127,25.0,['503022']
4,72,12,33.52326750018522,37.2480750002058,50.0,"['66449', '541219', '119634', '461107', '249827', '104562', '527111', '538937', '167202', '448971', '133636', '161861']"
4,73,7,19.954222911891392,22.171358790990435,25.0,"['373657', '31427', '524546', '452253', '530550', '104860', '379782']"
4,74,3,12.162359039009658,13.513732265566286,25.0,"['454310', '175977', '15089']"
4,75,3,14.01947804440383,15.577197827115366,25.0,"['907', '454110', '476573']"
4,76,9,33.0445376516456,36.716152946272885,50.0,"['199812', '69509', '465186', '359302', '233698', '534341', '256260', '472629', '473498']"
4,77,8,30.213960356484158,33.57106706276017,50.0,"['69842', '428747', '439854', '494663', '201834', '516138', '320667', '527237']"
4,78,9,28.055105773184625,31.172339747982917,50.0,"['118013', '162605', '497858', '498546', '95159', '512375', '239992', '424439', '348481']"
4,79,7,29.146464190223675,32.38496021135964,50.0,"['377381', '209609', '67009', '411121', '44812', '362268', '513516']"
4,80,12,45.16133483898678,50.179260932207534,75.0,"['87191', '136784', '520487', '16760', '54697', '519092', '257435', '410593', '305432', '432616', '509992', '56167']"
4,81,8,25.137111680018258,27.930124088909174,50.0,"['392777', '371047', '241758', '109561', '110117', '21295', '27832', '272937']"
4,82,1,3.891613658374078,4.324015175971198,25.0,['227517']
4,83,11,29.615778560256956,32.90642062250773,50.0,"['121143', '546972', '123278', '265588', '329123', '415007', '526365', '544772', '144651', '522556', '197532']"
4,84,6,17.462613456152884,19.40290384016987,25.0,"['450684', '88759', '259612', '193407', '147319', '487999']"
4,85,3,9.387927401942854,10.43103044660317,25.0,"['142507', '193154', '183875']"
4,86,8,41.534825500578854,46.14980611175428,50.0,"['159900', '91480', '140441', '440204', '267376', '3612', '225298', '233753']"
4,87,3,13.564670667245078,15.071856296938975,25.0,"['510701', '389848', '69626']"
4,88,7,21.472606021477176,23.85845113497464,25.0,"['291601', '176608', '174570', '361750', '414301', '35932', '212021']"
4,89,5,18.191449841040864,20.21272204560096,25.0,"['153713', '441278', '97799', '202555', '67186']"
4,90,5,23.15605929594974,25.728954773277486,50.0,"['301874', '40995', '467636', '89230', '324981']"
4,91,6,22.957336150404725,25.508151278227473,50.0,"['33973', '203733', '533820', '28159', '48221', '284293']"
4,92,12,31.68238384779553,35.20264871977281,50.0,"['451461', '152328', '179886', '125128', '493311', '139404', '43092', '528850', '38407', '61379', '379880', '456950']"
4,93,4,17.056521089479723,18.951690099421914,25.0,"['330646', '338070', '337614', '127663']"
4,94,10,27.998683951164733,31.109648834627478,50.0,"['130380', '215583', '309544', '75607', '398312', '270459', '160880', '472992', '411339', '234094']"
4,95,8,27.70669875646285,30.785220840514278,50.0,"['516545', '114077', '6545', '473426', '40436', '240492', '365132', '482358']"
4,96,2,8.210472178280739,9.122746864756376,25.0,"['31965', '129766']"
4,97,7,19.151553263327415,21.27950362591935,25.0,"['450692', '437803', '300631', '30686', '330074', '111501', '335542']"
4,98,9,26.126165034965982,29.029072261073313,50.0,"['259004', '112300', '230471', '59912', '122061', '494604', '403104', '42766', '187566']"
4,99,1,15.911720542123259,17.679689491248066,25.0,['261802']
4,100,6,24.04448387780073,26.716093197556365,50.0,"['372134', '32833', '523530', '495378', '27287', '515041']"
4,101,6,17.423690329802714,19.359655922003014,25.0,"['241331', '149516', '196305', '292117', '68863', '482395']"
4,102,8,20.50399263672224,22.78221404080249,25.0,"['312335', '102922', '72989', '214106', '500428', '289058', '26402', '160898']"
4,103,2,21.056926871668267,23.39658541296474,25.0,"['282801', '213002']"
4,104,8,26.066067100844673,28.962296778716304,50.0,"['349207', '111132', '294527', '510593', '487621', '507808', '524496', '238242']"
4,105,7,30.25751447152898,33.61946052392109,50.0,"['67168', '486178', '44738', '241959', '454230', '233879', '381418']"
4,106,10,30.358977245420753,33.73219693935639,50.0,"['345470', '162004', '206494', '125925', '323846', '249276', '107460', '346823', '216421', '20621']"
4,107,12,31.846838510751713,35.385376123057455,50.0,"['114719', '131095', '120305', '343474', '464315', '407841', '386916', '50580', '101380', '505847', '364735', '126795']"
4,108,12,33.76504485980778,37.51671651089753,50.0,"['332159', '405479', '504968', '330258', '411518', '152266', '35191', '517304', '179644', '500108', '249134', '359627']"
4,109,1,9.600565581192129,10.667295090213477,25.0,['530378']
4,110,8,29.049295451031057,32.27699494559006,50.0,"['53693', '319626', '316619', '194635', '545696', '337903', '317423', '488510']"
4,111,4,15.719463647088403,17.466070718987115,25.0,"['279160', '173278', '60725', '77868']"
4,112,7,27.572093739411056,30.63565971045673,50.0,"['327596', '129763', '436458', '233532', '193900', '225070', '76849']"
4,113,12,34.950836126578366,38.83426236286485,50.0,"['422424', '374743', '498854', '515502', '263375', '491749', '34928', '202088', '215510', '370745', '213568', '61674']"
4,114,2,6.051489246447886,6.723876940497651,25.0,"['428936', '147115']"
5,1,6,26.53978899300685,29.488654436674278,50.0,"['69842', '60197', '47959', '267376', '133636', '312422']"
5,2,10,29.34516830568142,32.60574256186824,50.0,"['35191', '193407', '33761', '411339', '450684', '174597', '124966', '410593', '412017', '30686']"
5,3,7,19.346738731229976,21.496376368033307,25.0,"['367483', '509992', '302838', '228624', '26402', '396589', '361089']"
5,4,2,14.10556441929896,15.672849354776622,25.0,"['305432', '173278']"
5,5,3,12.329691095804673,13.699656773116303,25.0,"['141350', '325008', '535774']"
5,6,4,17.66393484327253,19.62659427030281,25.0,"['389744', '385325', '232939', '378673']"
5,7,12,39.21905849029745,43.57673165588606,50.0,"['513336', '173392', '329861', '172155', '279405', '374743', '230471', '381122', '361607', '405479', '436517', '118013']"
5,8,11,37.44951627592159,41.61057363991288,50.0,"['400528', '381381', '516545', '472992', '450692', '44812', '124562', '534341', '213027', '280063', '485700']"
5,9,7,21.278925369918475,23.643250411020528,25.0,"['461295', '67186', '163934', '371047', '335542', '515502', '238210']"
5,10,10,35.10331690349809,39.00368544833121,50.0,"['522556', '464315', '292676', '282048', '346823', '34928', '249134', '25615', '194635', '491749']"
5,11,1,8.079405984420069,8.977117760466742,25.0,['203949']
5,12,5,15.513870885460609,17.237634317178454,25.0,"['139272', '486285', '524444', '233753', '270459']"
5,13,8,28.131106361009305,31.256784845565893,50.0,"['467636', '316619', '523530', '242516', '434738', '79390', '214106', '99499']"
5,14,11,41.62448018608508,46.24942242898342,50.0,"['371852', '323846', '500895', '339433', '69626', '407592', '61379', '307573', '229481', '224866', '344492']"
5,15,2,11.5061173836041,12.784574870671221,25.0,"['391944', '54697']"
5,16,1,6.268570727127067,6.965078585696741,25.0,['22158']
5,17,8,23.684133575761976,26.31570397306886,50.0,"['543210', '434494', '68232', '31382', '269943', '241758', '349166', '300631']"
5,18,8,27.495305448119854,30.550339386799838,50.0,"['175687', '20210', '230501', '142620', '142225', '175316', '482358', '69509']"
5,19,7,16.491259452654617,18.323621614060684,25.0,"['15089', '359302', '92339', '188953', '461107', '334183', '473426']"
5,20,1,2.633053482909424,2.925614981010471,25.0,['303622']
5,21,5,20.714531468940358,23.016146076600396,25.0,"['84873', '316051', '238996', '292117', '404858']"
5,22,2,8.246069529797396,9.162299477552661,25.0,"['273801', '112300']"
5,23,2,7.986497725532264,8.873886361702516,25.0,"['162605', '495378']"
5,24,3,13.534142605938756,15.03793622882084,25.0,"['459186', '101380', '191154']"
5,25,3,10.455554954624583,11.617283282916203,25.0,"['217704', '432671', '304201']"
5,26,1,4.644366459942978,5.160407177714419,25.0,['234094']
5,27,1,5.59081097654045,6.212012196156055,25.0,['446349']
5,28,13,31.29771215048392,34.77523572275991,50.0,"['324981', '391979', '121143', '32833', '369049', '338070', '411121', '441278', '250934', '122651', '333827', '386916', '346824']"
5,29,12,44.01075025941374,48.90083362157082,50.0,"['488510', '497858', '265551', '533820', '186924', '349207', '275286', '119634', '242999', '498546', '146446', '318102']"
5,30,6,18.813808560519902,20.904231733911,25.0,"['210595', '59425', '254623', '168910', '526365', '199016']"
5,31,5,17.61292966895285,19.569921854392057,25.0,"['200098', '488440', '487621', '95159', '122601']"
5,32,2,10.494013953478287,11.660015503864763,25.0,"['392777', '544508']"
5,33,5,20.16096560234135,22.401072891490386,25.0,"['193900', '289058', '123278', '201928', '526989']"
5,34,9,22.857800245366054,25.397555828184505,50.0,"['303298', '167202', '510701', '153002', '302815', '486098', '541074', '493708', '183304']"
5,35,7,26.857071244299515,29.841190271443907,50.0,"['519092', '541219', '3612', '213568', '31427', '478833', '49559']"
5,36,2,13.322839829457038,14.803155366063375,25.0,"['66449', '507777']"
5,37,8,22.376612043811754,24.862902270901948,25.0,"['57620', '489422', '264018', '68863', '368041', '492245', '463762', '131095']"
5,38,11,30.420802679007394,33.80089186556377,50.0,"['345470', '202039', '89529', '452422', '404444', '314471', '507808', '47840', '392995', '500108', '486178']"
5,39,4,22.486794246273902,24.985326940304336,25.0,"['456950', '527111', '425185', '223077']"
5,40,6,21.715220796246673,24.128023106940745,25.0,"['451771', '165026', '263662', '190006', '170825', '201687']"
5,41,11,25.335595978185893,28.150662197984325,50.0,"['397555', '439854', '305045', '369055', '275680', '423568', '212021', '117120', '543450', '176608', '241676']"
5,42,2,12.930147045424826,14.366830050472029,25.0,"['106564', '470251']"
5,43,9,24.17685799410579,26.863175549006435,50.0,"['111433', '530550', '525441', '515041', '372892', '517304', '547937', '201834', '370745']"
5,44,7,23.1103019282072,25.678113253563556,50.0,"['244264', '161861', '516263', '5296', '248626', '451476', '302088']"
5,45,8,24.54060492998034,27.267338811089267,50.0,"['42766', '436627', '120305', '237735', '104208', '520487', '21295', '208475']"
5,46,2,9.232625714571483,10.258473016190537,25.0,"['428936', '341616']"
5,47,8,21.763166006946804,24.181295563274226,25.0,"['459665', '504968', '471083', '506224', '241959', '263375', '115209', '411518']"
5,48,8,23.94746274291578,26.608291936573085,50.0,"['537920', '517144', '487709', '226598', '292090', '173050', '408279', '545696']"
5,49,11,30.651241965306866,34.05693551700763,50.0,"['32222', '320667', '20621', '415007', '447938', '74247', '521372', '468180', '100023', '157218', '129766']"
5,50,4,15.849608316385703,17.610675907095224,25.0,"['7292', '75607', '348481', '427800']"
5,51,6,18.99622522846101,21.106916920512234,25.0,"['289531', '436282', '159900', '547304', '104562', '337614']"
5,52,6,21.703706713904566,24.115229682116183,25.0,"['517258', '446024', '299045', '329260', '47630', '147115']"
5,53,8,25.148042323089825,27.942269247877583,50.0,"['319337', '201819', '64839', '42335', '332159', '184427', '487751', '137501']"
5,54,10,25.760774452130516,28.623082724589462,50.0,"['284293', '373657', '437803', '407841', '175523', '114077', '131393', '372134', '111501', '396742']"
5,55,11,48.197189018834024,53.552432243148914,75.0,"['389346', '440204', '340776', '318055', '438056', '27287', '97799', '381418', '151863', '304116', '67168']"
5,56,9,31.482308252748364,34.980342503053734,50.0,"['122061', '342684', '432318', '261802', '421285', '107460', '320013', '203389', '120348']"
5,57,5,19.805214274853263,22.005793638725848,25.0,"['160880', '365132', '376796', '93768', '377381']"
5,58,7,20.163527943389457,22.403919937099396,25.0,"['302621', '55949', '396629', '235662', '499943', '284091', '301504']"
5,59,8,27.615279937683127,30.683644375203475,50.0,"['202088', '469041', '279160', '196926', '446322', '78581', '346726', '449778']"
5,60,4,10.729790622593818,11.921989580659798,25.0,"['383204', '152266', '35073', '10740']"
5,61,11,37.3778198650719,41.530910961191,50.0,"['219611', '13050', '48221', '6945', '18626', '253224', '240212', '361750', '21595', '499731', '531662']"
5,62,2,14.807203108801893,16.45244789866877,25.0,"['537424', '422231']"
5,63,3,17.46325888779663,19.4036209864407,25.0,"['513516', '385476', '331771']"
5,64,6,19.764231414495082,21.960257127216757,25.0,"['514303', '199812', '452846', '18838', '219636', '225298']"
5,65,13,35.82389570023788,39.804328555819865,50.0,"['453474', '179886', '77240', '40995', '145405', '59912', '506220', '147319', '454230', '241027', '35932', '249276', '179644']"
5,66,6,17.41401300877621,19.348903343084675,25.0,"['524907', '449181', '482395', '299354', '319626', '379782']"
5,67,3,14.330077057423038,15.922307841581153,25.0,"['531771', '291601', '311107']"
5,68,8,28.9587896952943,32.176432994771446,50.0,"['129763', '39960', '40436', '381087', '70024', '277767', '149516', '284645']"
5,69,8,20.47074320237455,22.74527022486061,25.0,"['93799', '153713', '79849', '268292', '425465', '298681', '538937', '275091']"
5,70,4,14.798012602500172,16.44223622500019,25.0,"['315490', '187566', '233532', '469666']"
5,71,2,11.030939027952567,12.256598919947296,25.0,"['491740', '155119']"
5,72,9,18.802948231732987,20.89216470192554,25.0,"['106794', '237962', '200374', '327131', '284247', '141246', '209609', '483644', '119842']"
5,73,4,15.93093225881788,17.701035843130978,25.0,"['217854', '256426', '197532', '327612']"
5,74,7,26.265500326981957,29.183889252202174,50.0,"['436458', '136784', '527237', '247213', '476573', '233698', '188487']"
5,75,9,36.30328759747514,40.33698621941682,50.0,"['180871', '341670', '67009', '19670', '215583', '155532', '242598', '176384', '173606']"
5,76,3,14.029335522247521,15.588150580275023,25.0,"['254810', '358737', '546972']"
5,77,4,16.793761813312635,18.65973534812515,25.0,"['257435', '539605', '523081', '300418']"
5,78,2,15.281104932478044,16.97900548053116,25.0,"['493311', '51960']"
5,79,8,28.019473532302143,31.132748369224604,50.0,"['452253', '682', '437412', '362268', '193154', '431957', '144651', '506136']"
5,80,9,29.149066053283114,32.38785117031457,50.0,"['418397', '269586', '31965', '347246', '61674', '100763', '383693', '44738', '277908']"
5,81,4,14.77326584209626,16.4147398245514,25.0,"['412019', '398312', '519534', '412293']"
5,82,11,21.418068784575627,23.79785420508403,25.0,"['159349', '327596', '422424', '174570', '125128', '6545', '391969', '96010', '125925', '169460', '262502']"
5,83,2,14.217177477110488,15.796863863456096,25.0,"['386874', '162004']"
5,84,5,24.394984917363907,27.105538797071006,50.0,"['465182', '126829', '262816', '545763', '447578']"
5,85,8,21.846354003285246,24.27372667031694,25.0,"['259004', '152328', '142507', '160500', '50580', '372499', '180949', '203733']"
5,86,7,25.32676533509005,28.14085037232228,50.0,"['346110', '248997', '236160', '512375', '454110', '528850', '160898']"
5,87,7,25.897112650877215,28.774569612085795,50.0,"['136477', '69868', '115968', '428666', '267170', '521269', '272937']"
5,88,13,28.99253687940307,32.21392986600341,50.0,"['323278', '77868', '417306', '402638', '414177', '183875', '373440', '192312', '228588', '295670', '531460', '301874', '451978']"
5,89,7,24.59184600968098,27.324273344089978,50.0,"['325789', '454310', '530378', '102922', '424439', '40454', '337903']"
5,90,5,27.130048286644147,30.144498096271274,50.0,"['103643', '379880', '465186', '216764', '496323']"
5,91,12,33.54866071474317,37.27628968304797,50.0,"['163371', '259612', '524496', '261325', '538593', '419752', '315517', '199657', '330258', '343474', '56167', '504397']"
5,92,4,12.027854970668798,13.364283300743109,25.0,"['414301', '312335', '287709', '341963']"
5,93,10,26.834898230629424,29.81655358958825,50.0,"['489009', '312', '215510', '188246', '28159', '487999', '38407', '184561', '392818', '127663']"
5,94,8,25.2783659562062,28.087073284673558,50.0,"['473498', '156716', '383865', '85660', '96862', '56291', '343990', '330074']"
5,95,13,39.93726444166588,44.374738268517646,50.0,"['472629', '226419', '492549', '357027', '454770', '186366', '97305', '172572', '352165', '265588', '541265', '524510', '356235']"
5,96,13,32.983050090296096,36.64783343366233,50.0,"['95555', '91480', '224398', '8083', '69737', '209412', '43092', '417114', '370146', '91397', '498854', '229548', '387140']"
5,97,9,25.536619694110918,28.374021882345463,50.0,"['391468', '176607', '216421', '185819', '500428', '309544', '330646', '350164', '543603']"
5,98,7,31.19940472391215,34.66600524879128,50.0,"['241331', '298162', '432616', '505847', '95544', '267735', '188110']"
5,99,9,30.805312174919347,34.22812463879927,50.0,"['263068', '547294', '89230', '401975', '196305', '225070', '88759', '249827', '16760']"
5,100,7,18.22212151496898,20.246801683298866,25.0,"['114941', '293636', '384563', '279', '321516', '72989', '516138']"
5,101,12,33.446762640973255,37.163069601081396,50.0,"['485566', '239992', '240492', '126795', '52377', '262350', '114719', '352319', '528839', '326187', '274702', '77324']"
5,102,12,29.67956588737283,32.97729543041426,50.0,"['140441', '144143', '57486', '160568', '524546', '520838', '117115', '110117', '330101', '206494', '238242', '503022']"
5,103,3,18.45681238084851,20.5075693120539,25.0,"['401027', '336050', '233879']"
5,104,6,27.528669635015927,30.58741070557325,50.0,"['317423', '359627', '389848', '420097', '27832', '543373']"
5,105,5,12.027732882226829,13.364147646918699,25.0,"['49829', '620', '290676', '131226', '283566']"
5,106,4,18.772210272993313,20.858011414437012,25.0,"['494663', '162090', '60725', '544772']"
5,107,3,14.25097217778564,15.834413530872933,25.0,"['53693', '239985', '428747']"
5,108,1,9.897655301249054,10.997394779165615,25.0,['159311']
5,109,9,22.75778854809415,25.286431720104613,50.0,"['451461', '175977', '475046', '429888', '227517', '76849', '237120', '15007', '87191']"
5,110,6,18.63616645819049,20.706851620211655,25.0,"['111557', '222350', '364735', '448971', '215656', '202555']"
5,111,3,13.393046300880776,14.881162556534196,25.0,"['388148', '212890', '494604']"
5,112,13,40.4692239458792,44.965804384310225,50.0,"['192389', '343064', '329123', '403104', '282801', '502985', '409483', '109561', '97512', '907', '124544', '464312', '513045']"
5,113,3,15.84381499026594,17.604238878073268,25.0,"['256260', '248221', '522245']"
5,114,6,18.37340082512155,20.41488980569061,25.0,"['4916', '139404', '192800', '128310', '255345', '104860']"
5,115,7,18.68634080788204,20.76260089764671,25.0,"['294527', '436427', '75859', '404817', '151790', '364878', '81741']"
5,116,8,20.471195996207797,22.745773329119775,25.0,"['163213', '420064', '63556', '33973', '111132', '510593', '395429', '483016']"
5,117,3,21.32325596741429,23.692506630460322,25.0,"['130380', '2098', '213002']"
6,1,11,27.41794848622085,30.464387206912058,50.0,"['343474', '249827', '335542', '434494', '496323', '494604', '504397', '104860', '42335', '320667', '544508']"
6,2,1,13.963579327361051,15.51508814151228,25.0,['232939']
6,3,7,28.942920159003563,32.158800176670624,50.0,"['242598', '425465', '282048', '527237', '203733', '341670', '527111']"
6,4,6,17.939348554036552,19.932609504485058,25.0,"['541219', '242516', '386874', '284247', '391969', '422231']"
6,5,7,26.880724875383677,29.86747208375964,50.0,"['49829', '302815', '482395', '524444', '546972', '21295', '125128']"
6,6,2,14.882909404280303,16.53656600475589,25.0,"['537424', '72989']"
6,7,10,40.684062568416614,45.20451396490735,50.0,"['432616', '408279', '350164', '346823', '415007', '191154', '434738', '128310', '389346', '242999']"
6,8,1,7.738023482005554,8.59780386889506,25.0,['302621']
6,9,9,25.195583488224074,27.995092764693414,50.0,"['162605', '519092', '451978', '486098', '521372', '514303', '77324', '244264', '682']"
6,10,8,25.936817454847965,28.818686060942184,50.0,"['520487', '33761', '344492', '174570', '256426', '67009', '498854', '482358']"
6,11,12,32.38849155338049,35.98721283708943,50.0,"['212021', '352319', '159349', '441278', '160898', '25615', '120348', '412017', '60197', '516263', '428936', '168910']"
6,12,2,6.650196337665631,7.389107041850701,25.0,"['547294', '262502']"
6,13,8,31.066332947781607,34.51814771975734,50.0,"['47959', '319337', '68232', '449778', '129763', '47630', '401975', '262816']"
6,14,10,35.68745501457572,39.65272779397302,50.0,"['32833', '450684', '75607', '392818', '512375', '534341', '389848', '35932', '19670', '398312']"
6,15,3,13.504921531992263,15.005468368880292,25.0,"['20621', '620', '467636']"
6,16,11,34.62756360840909,38.4750706760101,50.0,"['130380', '291601', '279405', '192312', '44812', '69868', '489009', '545763', '201819', '437803', '6545']"
6,17,5,35.877743679914104,39.864159644349,50.0,"['142225', '436282', '284645', '440204', '139404']"
6,18,3,15.217518422304611,16.90835380256068,25.0,"['316051', '169460', '391944']"
6,19,13,40.1628375834063,44.625375092673664,50.0,"['160568', '139272', '371852', '364735', '524496', '524510', '34928', '151790', '505847', '513336', '289058', '237962', '357027']"
6,20,3,9.490828926002116,10.545365473335684,25.0,"['486285', '456950', '475046']"
6,21,9,24.27752135946861,26.9750237327429,50.0,"['49559', '186924', '523530', '403104', '502985', '292117', '283566', '541265', '263662']"
6,22,11,29.114615703926845,32.34957300436316,50.0,"['193407', '316619', '254810', '253224', '56291', '167202', '173606', '519534', '531662', '216421', '487709']"
6,23,10,29.525164742019232,32.80573860224359,50.0,"['343064', '241676', '323278', '7292', '233532', '275286', '541074', '391468', '359302', '219611']"
6,24,13,35.652553941702685,39.6139488241141,50.0,"['239985', '248997', '381381', '97799', '183304', '450692', '136477', '515502', '249276', '264018', '411518', '507777', '95555']"
6,25,5,19.342998104364803,21.49222011596089,25.0,"['114719', '381418', '22158', '414301', '427800']"
6,26,5,17.850224935279716,19.833583261421907,25.0,"['52377', '531771', '196305', '124562', '510593']"
6,27,1,6.862976272227679,7.6255291913640875,25.0,['87191']
6,28,13,34.668099480877295,38.5201105343081,50.0,"['256260', '172155', '31965', '287709', '152266', '155532', '31427', '147319', '92339', '319626', '2098', '269943', '383693']"
6,29,13,30.223651431920693,33.58183492435632,50.0,"['421285', '225070', '161861', '125925', '156716', '535774', '263375', '238242', '526989', '277767', '274702', '304116', '385476']"
6,30,5,15.296469799462873,16.99607755495875,25.0,"['339433', '40454', '59425', '217854', '20210']"
6,31,9,38.192034748081426,42.43559416453492,50.0,"['69737', '238996', '144143', '15007', '101380', '376796', '95159', '362268', '91480']"
6,32,5,22.860607206920292,25.40067467435588,50.0,"['261802', '349166', '141350', '124966', '48221']"
6,33,10,38.79136157439358,43.1015128604373,50.0,"['368041', '446349', '489422', '409483', '69626', '392995', '261325', '324981', '8083', '47840']"
6,34,12,26.130765781835684,29.034184202039647,50.0,"['127663', '67168', '241758', '420064', '428666', '183875', '57620', '528850', '333827', '239992', '81741', '342684']"
6,35,13,31.64985500202817,35.166505557809074,50.0,"['124544', '61674', '137501', '203949', '35191', '302088', '522245', '188110', '201834', '56167', '303298', '454770', '84873']"
6,36,1,6.4162529072628445,7.129169896958716,25.0,['228588']
6,37,9,30.188325545018614,33.54258393890957,50.0,"['396629', '325008', '188246', '391979', '447938', '447578', '193900', '451476', '255345']"
6,38,2,8.368006773077859,9.297785303419843,25.0,"['206494', '240212']"
6,39,6,28.79878086335476,31.99864540372751,50.0,"['201928', '107460', '39960', '533820', '506220', '227517']"
6,40,7,23.397147761105646,25.99683084567294,50.0,"['240492', '100023', '453474', '465186', '414177', '263068', '59912']"
6,41,7,18.633822273627857,20.704246970697618,25.0,"['493708', '63556', '212890', '473498', '424439', '510701', '74247']"
6,42,1,9.440750371894508,10.489722635438342,25.0,['522556']
6,43,1,10.050998543385798,11.167776159317553,25.0,['520838']
6,44,1,6.271011874904141,6.967790972115711,25.0,['498546']
6,45,2,8.18867461489027,9.098527349878077,25.0,"['176608', '18838']"
6,46,12,35.542510806058,39.49167867339777,50.0,"['417306', '503022', '337903', '106564', '267376', '13050', '69509', '236160', '173392', '202088', '110117', '509992']"
6,47,6,14.339879589577752,15.93319954397528,25.0,"['126829', '300631', '26402', '100763', '307573', '327131']"
6,48,8,30.02445756287894,33.36050840319882,50.0,"['396742', '312', '449181', '68863', '459186', '348481', '229481', '219636']"
6,49,4,20.752349477825284,23.058166086472536,25.0,"['374743', '472629', '343990', '78581']"
6,50,12,41.67861407634801,46.30957119594223,50.0,"['497858', '338070', '547937', '407841', '299354', '152328', '438056', '215656', '279160', '248626', '151863', '163934']"
6,51,5,15.529767058349467,17.255296731499406,25.0,"['461107', '3612', '54697', '214106', '526365']"
6,52,7,22.433871070960947,24.92652341217883,25.0,"['476573', '76849', '88759', '326187', '51960', '397555', '373440']"
6,53,4,15.59849597062642,17.33166218958491,25.0,"['77868', '294527', '188953', '277908']"
6,54,11,28.850651597074336,32.056279552304815,50.0,"['315490', '40995', '197532', '325789', '149516', '188487', '331771', '452846', '142507', '133636', '412019']"
6,55,5,17.002042984031892,18.891158871146548,25.0,"['516545', '118013', '162004', '370745', '530550']"
6,56,10,25.698345451840776,28.553717168711973,50.0,"['302838', '463762', '451771', '506136', '222350', '492245', '395429', '111557', '85660', '175977']"
6,57,6,22.869824422488723,25.41091602498747,50.0,"['172572', '487751', '5296', '346726', '378673', '327612']"
6,58,5,28.987803179583906,32.20867019953767,50.0,"['352165', '146446', '273801', '299045', '93799']"
6,59,13,29.068083207870448,32.29787023096716,50.0,"['223077', '131095', '79849', '543210', '387140', '305432', '436427', '389744', '122651', '432671', '196926', '345470', '437412']"
6,60,9,21.399095534963784,23.776772816626426,25.0,"['312422', '420097', '160500', '506224', '396589', '119842', '547304', '69842', '454310']"
6,61,4,12.501222035075859,13.890246705639843,25.0,"['249134', '523081', '247213', '203389']"
6,62,10,33.653720151932916,37.393022391036574,50.0,"['383865', '96010', '469041', '102922', '89230', '359627', '530378', '517144', '104208', '538937']"
6,63,7,24.801734910934993,27.557483234372214,50.0,"['528839', '4916', '215510', '230501', '377381', '126795', '493311']"
6,64,10,31.453966137879345,34.948851264310385,50.0,"['452422', '275091', '446024', '123278', '141246', '330074', '97305', '452253', '318102', '372499']"
6,65,6,17.280577858401504,19.20064206489056,25.0,"['381087', '379782', '369049', '70024', '213027', '304201']"
6,66,1,7.513239989696551,8.348044432996167,25.0,['27287']
6,67,5,23.81864513375186,26.46516125972429,50.0,"['115209', '537920', '411339', '225298', '104562']"
6,68,13,29.73134464991165,33.034827388790724,50.0,"['187566', '199016', '267170', '483016', '491740', '907', '515041', '234094', '112300', '539605', '79390', '524546', '89529']"
6,69,12,28.601084786408915,31.778983096009906,50.0,"['66449', '336050', '346824', '237735', '432318', '179644', '423568', '305045', '30686', '254623', '176607', '265551']"
6,70,7,15.404831229623325,17.116479144025917,25.0,"['315517', '270459', '381122', '173050', '379880', '10740', '405479']"
6,71,2,8.605014834422583,9.56112759380287,25.0,"['301504', '525441']"
6,72,6,18.450469724222497,20.500521915802775,25.0,"['208475', '320013', '327596', '280063', '543450', '279']"
6,73,2,11.330682677139565,12.589647419043962,25.0,"['16760', '454230']"
6,74,4,12.918693351442553,14.354103723825059,25.0,"['386916', '250934', '157218', '521269']"
6,75,10,27.254358705746498,30.282620784162773,50.0,"['412293', '42766', '160880', '217704', '179886', '121143', '524907', '367483', '224398', '136784']"
6,76,5,18.979113055800273,21.087903395333637,25.0,"['175687', '184561', '365132', '131393', '228624']"
6,77,8,25.451571815914917,28.279524239905463,50.0,"['384563', '309544', '213568', '226598', '15089', '300418', '111132', '230471']"
6,78,1,4.89918056749507,5.443533963883411,25.0,['95544']
6,79,1,3.508899204215184,3.8987768935724265,25.0,['516138']
6,80,13,29.732900977898517,33.03655664210946,50.0,"['265588', '269586', '165026', '544772', '461295', '499731', '44738', '200098', '193154', '200374', '32222', '163213', '122061']"
6,81,4,10.576565552049953,11.751739502277726,25.0,"['404444', '504968', '495378', '346110']"
6,82,5,19.415964751842424,21.573294168713804,25.0,"['199812', '454110', '38407', '361607', '513045']"
6,83,11,29.63645058422774,32.929389538030826,50.0,"['43092', '248221', '237120', '275680', '488510', '216764', '513516', '531460', '303622', '425185', '55949']"
6,84,2,17.19589576303385,19.106550847815388,25.0,"['491749', '209412']"
6,85,1,8.883990019094455,9.87110002121606,25.0,['388148']
6,86,13,34.93470571037659,38.81633967819621,50.0,"['404817', '226419', '293636', '500428', '485566', '361089', '111433', '67186', '487621', '337614', '60725', '422424', '31382']"
6,87,2,16.03518094123969,17.816867712488545,25.0,"['492549', '144651']"
6,88,4,9.817828347282907,10.908698163647674,25.0,"['28159', '385325', '259612', '392777']"
6,89,10,37.74147674704082,41.93497416337869,50.0,"['190006', '224866', '210595', '75859', '332159', '543373', '361750', '356235', '175316', '18626']"
6,90,9,24.668196965856303,27.409107739840337,50.0,"['115968', '106794', '241027', '340776', '122601', '140441', '364878', '487999', '173278']"
6,91,5,25.092441877904534,27.880490975449483,50.0,"['61379', '472992', '486178', '35073', '268292']"
6,92,10,24.618627646801276,27.354030718668085,50.0,"['317423', '436458', '329861', '97512', '407592', '267735', '142620', '298681', '469666', '259004']"
6,93,5,17.41679913847033,19.35199904274481,25.0,"['209609', '153002', '201687', '21595', '485700']"
6,94,13,25.34789838606715,28.16433154007461,50.0,"['117120', '478833', '429888', '401027', '418397', '404858', '411121', '33973', '318055', '358737', '233698', '321516', '329260']"
6,95,1,10.80115778385275,12.001286426503055,25.0,['257435']
6,96,7,33.75840826088748,37.5093425120972,50.0,"['292090', '341616', '213002', '471083', '517258', '284091', '436517']"
6,97,6,22.444980839340047,24.938867599266718,25.0,"['373657', '186366', '499943', '473426', '176384', '170825']"
6,98,13,39.00713258451263,43.341258427236255,50.0,"['329123', '235662', '91397', '284293', '120305', '400528', '500108', '99499', '347246', '199657', '40436', '162090', '27832']"
6,99,9,31.48077526103266,34.97863917892518,50.0,"['103643', '312335', '184427', '439854', '349207', '419752', '57486', '470251', '50580']"
6,100,7,20.75402950259888,23.06003278066542,25.0,"['202039', '159900', '464315', '233879', '229548', '446322', '109561']"
6,101,12,29.44998099331555,32.72220110368394,50.0,"['202555', '402638', '410593', '334183', '241959', '488440', '330646', '314471', '185819', '272937', '451461', '323846']"
6,102,6,20.639181628059905,22.93242403117767,25.0,"['370146', '507808', '330258', '155119', '494663', '459665']"
6,103,3,16.808642490072444,18.676269433413825,25.0,"['145405', '96862', '282801']"
6,104,1,10.713580193928173,11.903977993253525,25.0,['192800']
6,105,1,2.8849456166457332,3.20549512960637,25.0,['295670']
6,106,11,33.782602268296536,37.5362247425517,50.0,"['545696', '311107', '341963', '436627', '131226', '431957', '114077', '383204', '6945', '468180', '465182']"
6,107,6,29.435551685757424,32.70616853973047,50.0,"['517304', '215583', '292676', '114941', '180949', '119634']"
6,108,2,7.390621578276497,8.211801753640552,25.0,"['64839', '500895']"
6,109,13,33.14077402075203,36.823082245280034,50.0,"['372892', '147115', '117115', '301874', '163371', '159311', '241331', '53693', '289531', '153713', '175523', '238210', '111501']"
6,110,8,27.83989299944668,30.93321444382964,50.0,"['538593', '483644', '464312', '369055', '330101', '448971', '233753', '180871']"
6,111,7,26.831373453387936,29.81263717043104,50.0,"['194635', '192389', '428747', '93768', '129766', '77240', '262350']"
6,112,7,18.5312887857454,20.590320873050445,25.0,"['371047', '543603', '290676', '417114', '372134', '174597', '298162']"
7,1,6,20.382017730781953,22.646686367535505,25.0,"['284293', '215583', '66449', '284247', '49829', '513336']"
7,2,5,27.3487032505196,30.387448056132886,50.0,"['47840', '141350', '486178', '350164', '300631']"
7,3,2,12.181355376892348,13.534839307658164,25.0,"['60725', '467636']"
7,4,1,1.155302611778688,1.2836695686429866,25.0,['119842']
7,5,3,15.954216230328976,17.72690692258775,25.0,"['302088', '520838', '337903']"
7,6,10,25.284460672335875,28.093845191484306,50.0,"['506136', '396589', '60197', '541265', '472992', '321516', '26402', '247213', '485700', '237962']"
7,7,10,29.999271141667858,33.33252349074206,50.0,"['162605', '436458', '364735', '230471', '147319', '176608', '106564', '543210', '391969', '120348']"
7,8,1,1.952978686689931,2.169976318544368,25.0,['400528']
7,9,9,22.199697151180178,24.666330167977975,25.0,"['293636', '203389', '521372', '392995', '267170', '184427', '61379', '67186', '146446']"
7,10,13,24.426763101768373,27.140847890853745,50.0,"['342684', '383204', '193154', '525441', '412293', '403104', '299045', '76849', '396742', '270459', '428666', '30686', '74247']"
7,11,3,11.243912242686271,12.493235825206968,25.0,"['336050', '125128', '528850']"
7,12,7,33.25635716305968,36.951507958955204,50.0,"['437803', '34928', '21595', '47959', '188953', '304116', '192312']"
7,13,1,7.170094474941722,7.966771638824135,25.0,['259004']
7,14,12,34.336979109671674,38.1521990107463,50.0,"['427800', '226598', '450684', '183875', '464315', '456950', '97512', '303622', '465182', '385325', '507777', '407841']"
7,15,11,29.76192982142865,33.0688109126985,50.0,"['391468', '290676', '316619', '69868', '530550', '316051', '20210', '537920', '196926', '201819', '249827']"
7,16,6,20.78288316790341,23.092092408781568,25.0,"['69842', '160880', '235662', '147115', '527237', '142507']"
7,17,13,37.33957444996258,41.48841605551398,50.0,"['491740', '61674', '522556', '240212', '88759', '682', '352165', '68232', '359302', '419752', '526989', '15089', '201687']"
7,18,1,2.232582200657083,2.480646889618981,25.0,['470251']
7,19,4,14.701812263874181,16.3353469598602,25.0,"['238210', '175977', '352319', '222350']"
7,20,12,35.765502733307095,39.73944748145232,50.0,"['72989', '423568', '534341', '498546', '40436', '95555', '489009', '503022', '264018', '516545', '144651', '302621']"
7,21,10,31.066624337985907,34.51847148665101,50.0,"['369049', '44812', '121143', '92339', '109561', '512375', '475046', '332159', '239992', '441278']"
7,22,10,25.254840478003665,28.060933864448515,50.0,"['327596', '387140', '238996', '238242', '269586', '361750', '305045', '330646', '341963', '447938']"
7,23,6,17.87739647354275,19.863773859491943,25.0,"['254623', '27832', '291601', '173606', '437412', '265588']"
7,24,4,19.600968265295226,21.778853628105807,25.0,"['432616', '163213', '345470', '67168']"
7,25,5,19.57168274560627,21.746314161784746,25.0,"['114077', '538593', '464312', '446349', '333827']"
7,26,10,27.409007544286982,30.454452826985534,50.0,"['533820', '517258', '459665', '379782', '494604', '157218', '315490', '504397', '537424', '452422']"
7,27,3,18.56647233457506,20.6294137050834,25.0,"['373440', '167202', '6945']"
7,28,13,34.058708013172335,37.84300890352482,50.0,"['472629', '33761', '448971', '386874', '486098', '89529', '339433', '95159', '79390', '337614', '546972', '506224', '200374']"
7,29,7,27.716274048455052,30.795860053838947,50.0,"['459186', '398312', '149516', '208475', '16760', '292676', '524510']"
7,30,1,4.623048211241599,5.136720234712888,25.0,['44738']
7,31,4,19.74731429560749,21.941460328452767,25.0,"['524444', '513516', '516138', '539605']"
7,32,4,23.58383624223594,26.204262491373264,50.0,"['28159', '407592', '224866', '259612']"
7,33,2,10.76912302799242,11.96569225332491,25.0,"['485566', '242999']"
7,34,13,36.580664947612796,40.645183275125326,50.0,"['186366', '330101', '163371', '93768', '334183', '530378', '180949', '298681', '356235', '255345', '545696', '19670', '395429']"
7,35,5,22.34347819654921,24.82608688505468,25.0,"['241959', '115968', '381418', '237120', '75607']"
7,36,7,19.510402459110953,21.678224954567725,25.0,"['165026', '422424', '122651', '483644', '284091', '492549', '392818']"
7,37,12,33.573100523311716,37.30344502590191,50.0,"['230501', '411518', '473498', '217704', '495378', '159311', '424439', '411339', '432671', '305432', '234094', '544508']"
7,38,2,12.98966222817519,14.432958031305766,25.0,"['453474', '202088']"
7,39,4,14.416498345568314,16.018331495075905,25.0,"['69626', '452253', '233879', '153002']"
7,40,9,20.42110382060695,22.690115356229946,25.0,"['85660', '405479', '187566', '160898', '346726', '312422', '190006', '42766', '129766']"
7,41,5,18.73878174761176,20.820868608457513,25.0,"['388148', '184561', '524496', '488510', '379880']"
7,42,9,25.713586184608122,28.570651316231245,50.0,"['359627', '493708', '124562', '224398', '7292', '141246', '139272', '104860', '329861']"
7,43,12,38.92524227461697,43.250269194018856,50.0,"['275680', '2098', '173278', '215656', '77868', '197532', '497858', '374743', '136477', '289058', '43092', '163934']"
7,44,1,1.5657166827806033,1.739685203089559,25.0,['18838']
7,45,3,6.336326263131863,7.040362514590958,25.0,"['318055', '414177', '47630']"
7,46,13,40.48197298560796,44.97996998400885,50.0,"['257435', '499943', '341670', '242598', '531662', '265551', '239985', '4916', '500108', '33973', '498854', '283566', '494663']"
7,47,1,5.0204998888332435,5.578333209814715,25.0,['312']
7,48,3,10.034939716796753,11.14993301866306,25.0,"['417114', '510593', '199016']"
7,49,11,31.553213087956006,35.059125653284454,50.0,"['434494', '249134', '465186', '309544', '389346', '543450', '219636', '25615', '528839', '368041', '343990']"
7,50,12,33.78451453409974,37.53834948233305,50.0,"['502985', '372134', '482358', '346110', '620', '284645', '159349', '272937', '3612', '213568', '436517', '128310']"
7,51,2,14.408155905830029,16.009062117588922,25.0,"['425465', '192800']"
7,52,3,11.261295743017595,12.512550825575104,25.0,"['176384', '227517', '383693']"
7,53,5,22.037787667346073,24.486430741495635,25.0,"['521269', '516263', '114941', '434738', '117115']"
7,54,1,1.5823005290019148,1.7581116988910164,25.0,['391979']
7,55,12,36.43274413214634,40.48082681349593,50.0,"['64839', '118013', '473426', '144143', '262350', '370146', '68863', '40995', '294527', '212021', '35191', '172155']"
7,56,8,25.596439406627272,28.440488229585856,50.0,"['538937', '371047', '425185', '469666', '331771', '415007', '454230', '486285']"
7,57,10,21.69558832417701,24.106209249085566,25.0,"['510701', '215510', '183304', '320013', '324981', '244264', '381122', '55949', '126829', '451461']"
7,58,10,47.30579670791728,52.561996342130314,75.0,"['32833', '213027', '112300', '209609', '269943', '63556', '87191', '216421', '440204', '152328']"
7,59,3,14.585102444635263,16.20566938292807,25.0,"['449181', '347246', '248221']"
7,60,1,7.819483872880232,8.688315414311369,25.0,['233532']
7,61,2,8.111967520601697,9.013297245112996,25.0,"['38407', '523081']"
7,62,13,26.050248440008115,28.944720488897904,50.0,"['125925', '507808', '275286', '304201', '295670', '373657', '31965', '428936', '422231', '275091', '389744', '401027', '175687']"
7,63,2,10.581199552988917,11.756888392209907,25.0,"['48221', '461295']"
7,64,12,28.600672341982055,31.778524824424505,50.0,"['287709', '53693', '547937', '432318', '372499', '299354', '201834', '203733', '292117', '56291', '136784', '99499']"
7,65,11,28.935352982553646,32.15039220283738,50.0,"['18626', '404444', '279', '346823', '104562', '378673', '417306', '273801', '39960', '232939', '519092']"
7,66,9,31.933551692846244,35.48172410316249,50.0,"['520487', '129763', '386916', '404858', '79849', '170825', '111557', '188110', '371852']"
7,67,8,23.92696037983062,26.585511533145134,50.0,"['319337', '517144', '139404', '75859', '302838', '185819', '31427', '263375']"
7,68,13,34.974717086589195,38.86079676287688,50.0,"['122601', '327131', '282048', '21295', '544772', '279405', '372892', '483016', '515041', '31382', '451771', '93799', '418397']"
7,69,7,22.83658730142031,25.373985890467008,50.0,"['20621', '201928', '312335', '431957', '526365', '471083', '35073']"
7,70,7,28.54294523322841,31.714383592476008,50.0,"['450692', '541074', '145405', '131095', '217854', '307573', '101380']"
7,71,3,11.213219195352247,12.459132439280275,25.0,"['357027', '237735', '469041']"
7,72,12,33.387414164527335,37.09712684947482,50.0,"['282801', '327612', '96010', '212890', '314471', '344492', '40454', '250934', '319626', '461107', '279160', '202039']"
7,73,6,22.155352309989592,24.617058122210658,25.0,"['242516', '81741', '216764', '248997', '193900', '172572']"
7,74,8,31.511133811678484,35.01237090186498,50.0,"['449778', '35932', '376796', '162004', '126795', '188246', '514303', '174570']"
7,75,7,23.942999877974415,26.60333319774935,50.0,"['168910', '13050', '409483', '261325', '329123', '476573', '228588']"
7,76,11,26.15578006627401,29.061977851415563,50.0,"['491749', '104208', '370745', '468180', '545763', '396629', '318102', '263662', '151863', '153713', '115209']"
7,77,1,5.401249191251061,6.001387990278957,25.0,['325789']
7,78,10,23.35081339169728,25.945348212996976,50.0,"['233753', '420064', '206494', '117120', '50580', '219611', '504968', '531460', '95544', '346824']"
7,79,13,35.137881381563865,39.04209042395985,50.0,"['317423', '199812', '383865', '57620', '323278', '362268', '513045', '420097', '907', '267735', '42335', '106794', '241758']"
7,80,1,2.668447868415382,2.964942076017091,25.0,['155532']
7,81,2,7.136726267634457,7.929695852927175,25.0,"['176607', '191154']"
7,82,7,21.52274929558651,23.91416588398501,25.0,"['436627', '408279', '524546', '133636', '140441', '56167', '110117']"
7,83,1,7.465968919024151,8.295521021137946,25.0,['277908']
7,84,9,24.295647121656017,26.995163468506686,50.0,"['193407', '302815', '402638', '223077', '59425', '100763', '385476', '78581', '69509']"
7,85,2,9.77395437374318,10.85994930415909,25.0,"['137501', '173392']"
7,86,4,17.680568038443962,19.645075598271067,25.0,"['210595', '67009', '412019', '142225']"
7,87,6,26.196858836752952,29.107620929725503,50.0,"['320667', '151790', '229481', '509992', '233698', '523530']"
7,88,7,29.266842409081917,32.5187137878688,50.0,"['6545', '410593', '500428', '27287', '364878', '226419', '8083']"
7,89,5,17.96373949499605,19.959710549995613,25.0,"['428747', '384563', '392777', '414301', '10740']"
7,90,1,2.303239592555091,2.55915510283899,25.0,['155119']
7,91,5,23.665803405743254,26.295337117492505,50.0,"['535774', '213002', '122061', '340776', '343474']"
7,92,8,27.979869057499442,31.088743397221602,50.0,"['52377', '488440', '330258', '401975', '496323', '186924', '5296', '493311']"
7,93,13,34.18594974735409,37.98438860817121,50.0,"['263068', '241676', '202555', '515502', '253224', '330074', '174597', '397555', '89230', '343064', '454310', '267376', '517304']"
7,94,2,10.598645833774315,11.776273148638127,25.0,"['15007', '152266']"
7,95,2,6.766436084588502,7.518262316209446,25.0,"['262502', '49559']"
7,96,4,16.6240380561799,18.471153395755444,25.0,"['91397', '127663', '100023', '256426']"
7,97,6,18.413983614478404,20.459981793864895,25.0,"['421285', '361607', '487999', '367483', '241331', '547294']"
7,98,1,4.642165077538739,5.157961197265266,25.0,['301874']
7,99,2,5.116799755564059,5.685333061737843,25.0,"['506220', '487751']"
7,100,8,22.496837758136706,24.996486397929672,25.0,"['289531', '547304', '323846', '77240', '240492', '325008', '436282', '389848']"
7,101,3,22.83574971244061,25.373055236045122,50.0,"['225070', '446024', '179644']"
7,102,1,13.000720340399948,14.445244822666607,25.0,['120305']
7,103,4,21.496876011369984,23.885417790411093,25.0,"['249276', '519534', '248626', '77324']"
7,104,13,36.05488166412141,40.06097962680157,50.0,"['391944', '192389', '262816', '142620', '241027', '123278', '119634', '487621', '97305', '59912', '326187', '161861', '439854']"
7,105,11,35.93850416759355,39.93167129732617,50.0,"['228624', '274702', '96862', '411121', '131226', '162090', '225298', '131393', '487709', '280063', '349207']"
7,106,6,26.735908965208193,29.706565516897992,50.0,"['209412', '454110', '489422', '499731', '524907', '446322']"
7,107,9,25.375568749432688,28.195076388258542,50.0,"['199657', '454770', '256260', '160568', '102922', '543603', '381381', '348481', '341616']"
7,108,7,21.976413736442698,24.41823748493633,25.0,"['97799', '159900', '404817', '505847', '329260', '124966', '292090']"
7,109,13,38.376594741635905,42.64066082403989,50.0,"['463762', '300418', '124544', '107460', '203949', '377381', '111501', '70024', '349166', '196305', '169460', '254810', '54697']"
7,110,1,7.884836042169155,8.760928935743506,25.0,['268292']
7,111,4,20.54879898910758,22.8319988767862,25.0,"['175523', '111132', '277767', '22158']"
7,112,13,41.35431841293419,45.94924268103799,50.0,"['130380', '200098', '69737', '311107', '51960', '358737', '173050', '500895', '303298', '229548', '156716', '527111', '32222']"
7,113,2,5.21268360002004,5.791870666688934,25.0,"['298162', '412017']"
7,114,3,17.12610388185322,19.029004313170244,25.0,"['175316', '188487', '261802']"
7,115,13,34.17400751880245,37.97111946533605,50.0,"['315517', '57486', '429888', '335542', '451476', '478833', '381087', '369055', '236160', '365132', '180871', '531771', '301504']"
7,116,11,30.01277333061133,33.347525922901475,50.0,"['103643', '543373', '438056', '111433', '114719', '338070', '436427', '179886', '84873', '452846', '451978']"
7,117,5,17.53438013685744,19.482644596508266,25.0,"['361089', '522245', '482395', '194635', '160500']"
7,118,5,23.39307357203838,25.99230396893153,50.0,"['91480', '447578', '214106', '492245', '541219']"
8,1,8,24.425367121898212,27.139296802109122,50.0,"['408279', '316051', '172155', '184561', '237120', '546972', '10740', '289058']"
8,2,1,12.910801517134285,14.345335019038094,25.0,['537920']
8,3,11,25.44637288633978,28.273747651488645,50.0,"['32222', '384563', '5296', '157218', '124562', '15089', '59912', '302621', '434494', '179886', '541265']"
8,4,3,15.892365165854763,17.658183517616404,25.0,"['372499', '487621', '907']"
8,5,1,5.193030729104969,5.770034143449965,25.0,['111557']
8,6,11,38.400920937274634,42.66768993030515,50.0,"['465186', '365132', '496323', '454770', '336050', '256260', '279160', '530378', '106794', '329123', '486178']"
8,7,8,23.46976994676705,26.0775221630745,50.0,"['18626', '337614', '240212', '423568', '110117', '202555', '357027', '461295']"
8,8,10,28.434129667370286,31.593477408189205,50.0,"['407592', '510701', '425185', '57486', '217704', '151863', '325008', '95159', '27287', '504968']"
8,9,12,28.82263848086121,32.025153867623565,50.0,"['348481', '407841', '320013', '241959', '523530', '200374', '173606', '418397', '471083', '432671', '346726', '521372']"
8,10,11,28.82045531135304,32.0227281237256,50.0,"['292090', '309544', '66449', '33761', '491740', '264018', '199016', '389744', '319626', '63556', '381418']"
8,11,3,14.32283213355311,15.914257926170121,25.0,"['144143', '507777', '459665']"
8,12,7,21.47359175565955,23.85954639517728,25.0,"['451978', '68232', '147319', '303298', '240492', '26402', '482358']"
8,13,1,7.33731683290423,8.152574258782478,25.0,['404817']
8,14,4,16.628803779510694,18.47644864390077,25.0,"['136477', '437412', '254623', '67186']"
8,15,11,22.899409182015205,25.443787980016893,50.0,"['226419', '513045', '478833', '486285', '495378', '193154', '210595', '212890', '114719', '159900', '428747']"
8,16,13,27.902335293143015,31.002594770158904,50.0,"['75859', '192312', '507808', '454230', '33973', '369049', '468180', '387140', '152328', '386874', '202039', '219611', '32833']"
8,17,3,13.961592583003974,15.512880647782193,25.0,"['454310', '77324', '314471']"
8,18,13,35.39887265846301,39.33208073162557,50.0,"['315517', '53693', '499731', '362268', '21595', '147115', '411121', '238242', '412019', '109561', '519092', '185819', '370146']"
8,19,1,1.5823005290019148,1.7581116988910164,25.0,['391979']
8,20,4,10.382981259963167,11.536645844403518,25.0,"['155119', '513336', '199812', '203389']"
8,21,2,9.361306838206852,10.401452042452059,25.0,"['370745', '213027']"
8,22,5,10.699975606734162,11.888861785260179,25.0,"['545696', '179644', '269586', '117115', '352319']"
8,23,13,29.16067142076023,32.40074602306692,50.0,"['40436', '267735', '522556', '503022', '186924', '226598', '201928', '129766', '541219', '432318', '409483', '76849', '28159']"
8,24,13,28.2620111398552,31.40223459983911,50.0,"['225070', '316619', '169460', '524444', '256426', '209412', '341963', '373657', '452846', '67168', '165026', '242598', '173278']"
8,25,10,34.42074010712591,38.245266785695456,50.0,"['378673', '107460', '201834', '377381', '114941', '428666', '436458', '284293', '544508', '482395']"
8,26,12,26.59560305935181,29.550670065946456,50.0,"['452253', '254810', '428936', '50580', '463762', '253224', '525441', '519534', '367483', '249827', '137501', '361750']"
8,27,13,39.91204452425757,44.34671613806396,50.0,"['456950', '21295', '176384', '329861', '331771', '180871', '115209', '292676', '6545', '153002', '439854', '284247', '514303']"
8,28,4,15.538976736942947,17.265529707714386,25.0,"['422231', '188246', '494663', '292117']"
8,29,11,33.581885961539456,37.31320662393273,50.0,"['500428', '535774', '526365', '261325', '242516', '174597', '153713', '40454', '69737', '509992', '163213']"
8,30,12,48.79132622592097,54.21258469546774,75.0,"['192800', '235662', '233879', '427800', '401975', '42766', '431957', '293636', '497858', '410593', '389346', '372892']"
8,31,6,26.877425118010784,29.86380568667865,50.0,"['412017', '446024', '262816', '126829', '473498', '300418']"
8,32,13,31.289362371143408,34.76595819015934,50.0,"['349207', '523081', '289531', '343990', '381381', '282048', '335542', '506224', '175977', '131095', '141246', '122061', '91480']"
8,33,8,21.79453162932323,24.21614625480359,25.0,"['206494', '516263', '464315', '35932', '300631', '429888', '215510', '120348']"
8,34,11,23.691504231813123,26.32389359090347,50.0,"['160568', '405479', '19670', '379782', '184427', '60725', '441278', '329260', '175316', '504397', '244264']"
8,35,5,24.97053506686581,27.745038963184232,50.0,"['261802', '228624', '89529', '35191', '502985']"
8,36,1,6.027808635721276,6.697565150801418,25.0,['56291']
8,37,8,22.454682241173582,24.949646934637315,25.0,"['272937', '385325', '7292', '312335', '494604', '279405', '151790', '395429']"
8,38,7,24.254183917885506,26.949093242095007,50.0,"['8083', '483016', '539605', '383204', '400528', '49829', '250934']"
8,39,11,46.327919961057646,51.47546662339738,75.0,"['277908', '358737', '371852', '123278', '51960', '447578', '498546', '330258', '117120', '449778', '232939']"
8,40,11,43.92743446565901,48.8082605173989,50.0,"['398312', '451476', '224866', '57620', '461107', '312', '238996', '92339', '115968', '96862', '489009']"
8,41,1,10.044639666987871,11.160710741097635,25.0,['167202']
8,42,1,2.3799883990317774,2.6444315544797528,25.0,['488440']
8,43,1,10.550476997429259,11.722752219365843,25.0,['27832']
8,44,10,30.21452428377561,33.57169364863957,50.0,"['391969', '436517', '262502', '315490', '55949', '75607', '159311', '547294', '361089', '488510']"
8,45,7,24.128026828558877,26.808918698398752,50.0,"['168910', '339433', '183304', '449181', '215656', '397555', '139404']"
8,46,8,22.0365058650623,24.485006516735886,25.0,"['161861', '88759', '487709', '298681', '209609', '279', '454110', '417114']"
8,47,5,16.466623276680806,18.296248085200897,25.0,"['69868', '383693', '111501', '97512', '436627']"
8,48,8,25.771974530646403,28.635527256273782,50.0,"['517258', '412293', '319337', '89230', '208475', '15007', '318102', '516138']"
8,49,7,26.73758691766212,29.708429908513466,50.0,"['241027', '526989', '392777', '180949', '67009', '225298', '301504']"
8,50,8,26.944466521964035,29.938296135515593,50.0,"['216764', '59425', '31382', '338070', '146446', '78581', '42335', '447938']"
8,51,13,35.522206186888525,39.469117985431694,50.0,"['201819', '530550', '492245', '391944', '489422', '263375', '544772', '340776', '31965', '64839', '162004', '302815', '307573']"
8,52,7,22.0823917384886,24.53599082054289,25.0,"['3612', '505847', '376796', '337903', '305045', '327596', '93768']"
8,53,8,17.620415995843274,19.578239995381416,25.0,"['49559', '238210', '141350', '516545', '342684', '93799', '239992', '248997']"
8,54,6,22.27439794252135,24.749331047245946,25.0,"['469666', '160898', '216421', '124966', '44812', '118013']"
8,55,11,34.137401215483685,37.93044579498187,50.0,"['392818', '47840', '333827', '128310', '100023', '485566', '476573', '111433', '43092', '223077', '265588']"
8,56,1,11.118965962381873,12.354406624868748,25.0,['237962']
8,57,10,21.931871444393057,24.36874604932562,25.0,"['22158', '295670', '425465', '234094', '99499', '145405', '402638', '396589', '214106', '69626']"
8,58,11,37.63723552981231,41.819150588680344,50.0,"['352165', '124544', '483644', '273801', '249134', '69509', '470251', '396629', '222350', '159349', '446349']"
8,59,1,12.219381308065781,13.577090342295312,25.0,['424439']
8,60,3,15.486564711693301,17.20729412410367,25.0,"['381087', '537424', '248626']"
8,61,9,28.464343301402344,31.62704811266927,50.0,"['6945', '374743', '233698', '174570', '321516', '521269', '450692', '369055', '44738']"
8,62,6,15.287918414932253,16.986576016591393,25.0,"['160880', '512375', '196926', '304201', '364735', '522245']"
8,63,13,29.383201095119922,32.64800121679991,50.0,"['267376', '241758', '528850', '515041', '472992', '79390', '156716', '268292', '524510', '54697', '120305', '47630', '20210']"
8,64,12,46.45203799480484,51.61337554978316,75.0,"['188953', '359627', '305432', '440204', '520838', '97305', '323846', '125925', '459186', '422424', '237735', '215583']"
8,65,9,30.784932337773256,34.205480375303615,50.0,"['465182', '193900', '451461', '302088', '506220', '131226', '95544', '199657', '421285']"
8,66,4,19.32830168811038,21.475890764567087,25.0,"['506136', '347246', '100763', '372134']"
8,67,7,18.150002178069336,20.166669086743706,25.0,"['112300', '263068', '531460', '228588', '18838', '420097', '294527']"
8,68,8,26.633404067474476,29.59267118608275,50.0,"['345470', '411518', '259004', '386916', '224398', '31427', '404444', '104860']"
8,69,10,23.291431775434525,25.879368639371695,50.0,"['172572', '35073', '493708', '95555', '52377', '136784', '324981', '25615', '142507', '343064']"
8,70,8,28.72999129197885,31.922212546643163,50.0,"['388148', '371047', '277767', '85660', '392995', '70024', '257435', '403104']"
8,71,2,6.1447920083251155,6.827546675916794,25.0,"['343474', '318055']"
8,72,12,38.265155793585045,42.51683977065005,50.0,"['230501', '436427', '543450', '475046', '317423', '162605', '197532', '242999', '491749', '515502', '77240', '284091']"
8,73,8,23.585848215856934,26.206498017618816,50.0,"['301874', '97799', '155532', '401027', '467636', '190006', '538937', '270459']"
8,74,1,3.52621740891174,3.9180193432352666,25.0,['194635']
8,75,6,14.224764536979404,15.805293929977115,25.0,"['385476', '101380', '203949', '84873', '517144', '91397']"
8,76,8,30.34911829542547,33.721242550472745,50.0,"['213568', '499943', '527237', '298162', '524496', '434738', '122601', '202088']"
8,77,8,19.032916228896305,21.14768469877367,25.0,"['241676', '34928', '102922', '533820', '517304', '212021', '364878', '119842']"
8,78,8,25.743105045997073,28.603450051107856,50.0,"['275091', '217854', '283566', '330646', '247213', '236160', '104208', '175687']"
8,79,13,34.55133492023727,38.39037213359696,50.0,"['79849', '104562', '513516', '183875', '451771', '487999', '299354', '304116', '469041', '326187', '404858', '487751', '213002']"
8,80,3,8.534593690588254,9.482881878431394,25.0,"['152266', '142225', '275286']"
8,81,7,24.91359987028546,27.68177763365051,50.0,"['126795', '464312', '284645', '473426', '56167', '269943', '163371']"
8,82,5,17.557778882674253,19.508643202971392,25.0,"['327131', '144651', '121143', '130380', '299045']"
8,83,5,18.051389962852017,20.057099958724464,25.0,"['350164', '346110', '122651', '191154', '233532']"
8,84,7,18.75710654079726,20.841229489774733,25.0,"['4916', '543603', '417306', '520487', '452422', '274702', '287709']"
8,85,2,16.09254583764,17.880606486266664,25.0,"['200098', '192389']"
8,86,5,16.0503347819964,17.833705313329336,25.0,"['303622', '74247', '20621', '255345', '492549']"
8,87,10,36.55960027731757,40.62177808590841,50.0,"['230471', '527111', '193407', '493311', '323278', '391468', '259612', '432616', '311107', '448971']"
8,88,8,28.2264329537915,31.362703281990555,50.0,"['290676', '263662', '334183', '87191', '203733', '341670', '450684', '170825']"
8,89,2,13.877983293388336,15.419981437098151,25.0,"['500108', '163934']"
8,90,12,35.8535229822415,39.83724775804611,50.0,"['547937', '344492', '38407', '160500', '682', '241331', '188487', '188110', '111132', '332159', '173392', '149516']"
8,91,8,24.92715070969115,27.696834121879057,50.0,"['142620', '30686', '327612', '383865', '16760', '280063', '543210', '302838']"
8,92,9,23.481028453147058,26.09003161460784,50.0,"['414177', '248221', '176608', '219636', '127663', '419752', '175523', '173050', '524546']"
8,93,2,6.483911560614833,7.204346178460925,25.0,"['96010', '396742']"
8,94,4,26.270052384165478,29.188947093517196,50.0,"['415007', '534341', '379880', '106564']"
8,95,6,24.226580891270785,26.918423212523095,50.0,"['524907', '531662', '131393', '368041', '414301', '531771']"
8,96,5,18.408529152142133,20.453921280157925,25.0,"['346823', '72989', '472629', '453474', '356235']"
8,97,7,26.876801258575593,29.863112509528435,50.0,"['282801', '528839', '2098', '389848', '485700', '227517', '320667']"
8,98,5,13.885847385460467,15.428719317178297,25.0,"['349166', '373440', '77868', '61674', '500895']"
8,99,5,14.94391045923012,16.60434495470013,25.0,"['81741', '312422', '381122', '325789', '68863']"
8,100,4,14.324625696372557,15.916250773747285,25.0,"['176607', '133636', '330074', '125128']"
8,101,1,6.811753630539587,7.568615145043985,25.0,['140441']
8,102,11,31.840734760525475,35.37859417836164,50.0,"['119634', '39960', '545763', '186366', '359302', '275680', '510593', '60197', '411339', '114077', '13050']"
8,103,4,21.918601217371428,24.35400135263492,25.0,"['330101', '187566', '249276', '229548']"
8,104,9,33.3559294401595,37.06214382239944,50.0,"['446322', '262350', '69842', '438056', '267170', '103643', '346824', '547304', '543373']"
8,105,11,36.43654258871324,40.48504732079248,50.0,"['538593', '196305', '201687', '139272', '498854', '229481', '48221', '541074', '436282', '437803', '239985']"
8,106,4,22.072702268952717,24.525224743280795,25.0,"['129763', '361607', '233753', '620']"
8,107,8,34.13202134423089,37.924468160256545,50.0,"['486098', '341616', '291601', '61379', '162090', '420064', '265551', '47959']"
8,108,1,2.8677834904834434,3.186426100537159,25.0,['40995']
9,1,12,27.605618019553017,30.672908910614463,50.0,"['521372', '503022', '438056', '385476', '234094', '391944', '544772', '238242', '391969', '216421', '174597', '172572']"
9,2,11,33.16003273162946,36.84448081292162,50.0,"['128310', '368041', '316051', '53693', '237962', '305432', '506136', '381418', '451771', '454310', '272937']"
9,3,5,23.756132013730095,26.395702237477884,50.0,"['209609', '312422', '449778', '370745', '349166']"
9,4,1,4.223348662547208,4.692609625052453,25.0,['504397']
9,5,3,17.795025432551277,19.77225048061253,25.0,"['176607', '235662', '119634']"
9,6,1,8.304250232389785,9.226944702655317,25.0,['30686']
9,7,12,36.23292227387737,40.25880252653041,50.0,"['229548', '28159', '141350', '57620', '199016', '436282', '379880', '493311', '249276', '117115', '319337', '497858']"
9,8,1,9.466917453242376,10.518797170269305,25.0,['512375']
9,9,10,27.141030573771488,30.156700637523876,50.0,"['391468', '70024', '404817', '336050', '193154', '190006', '327131', '168910', '541265', '459186']"
9,10,10,30.0147287560264,33.349698617807114,50.0,"['451978', '344492', '359627', '142507', '364878', '175687', '538937', '346824', '111132', '64839']"
9,11,11,30.759238848833597,34.17693205425955,50.0,"['183304', '212890', '99499', '409483', '303622', '325008', '147115', '224866', '216764', '545696', '91397']"
9,12,1,9.486376795132292,10.540418661258103,25.0,['275091']
9,13,9,26.551801184327996,29.502001315919994,50.0,"['524496', '487751', '39960', '309544', '436627', '385325', '241676', '97799', '104562']"
9,14,12,32.3983463649206,35.99816262768955,50.0,"['537424', '40454', '531771', '273801', '110117', '452422', '456950', '494604', '127663', '96010', '249827', '482358']"
9,15,1,10.041082393856886,11.15675821539654,25.0,['217704']
9,16,11,34.07385264129145,37.85983626810161,50.0,"['2098', '284247', '259004', '67009', '203733', '396589', '547937', '175316', '546972', '302815', '95159']"
9,17,10,32.84587847769495,36.49542053077217,50.0,"['217854', '441278', '93799', '381122', '517304', '3612', '241758', '103643', '131226', '42766']"
9,18,6,23.282325451212106,25.869250501346784,50.0,"['192800', '454110', '519534', '228588', '364735', '305045']"
9,19,7,22.7503138578865,25.278126508762778,50.0,"['478833', '203389', '485700', '397555', '210595', '155119', '180949']"
9,20,1,6.174362689759565,6.860402988621739,25.0,['69842']
9,21,8,25.734988042499282,28.594431158332533,50.0,"['56291', '507808', '335542', '131393', '124562', '35932', '318055', '6945']"
9,22,11,33.16030468466904,36.844782982965604,50.0,"['74247', '59425', '196926', '169460', '473498', '509992', '531460', '275680', '383865', '47959', '361607']"
9,23,10,20.993141637781008,23.325712930867788,25.0,"['523081', '212021', '324981', '620', '239992', '203949', '317423', '95544', '487999', '294527']"
9,24,1,6.953461376201065,7.726068195778961,25.0,['521269']
9,25,1,7.473127721424342,8.303475246027046,25.0,['111501']
9,26,1,9.361150333877703,10.401278148753002,25.0,['539605']
9,27,12,37.057468677314816,41.17496519701646,50.0,"['244264', '301504', '27287', '461295', '146446', '446322', '237735', '196305', '330646', '465182', '256260', '320013']"
9,28,4,17.72577848944579,19.695309432717544,25.0,"['432318', '527111', '450684', '405479']"
9,29,10,31.246129614318452,34.71792179368717,50.0,"['89230', '312', '261325', '111557', '33761', '428936', '176384', '225070', '122651', '48221']"
9,30,8,32.63654675372362,36.26282972635958,50.0,"['465186', '201819', '186366', '186924', '504968', '187566', '188110', '230471']"
9,31,12,36.66199253387023,40.735547259855814,50.0,"['270459', '72989', '425465', '323278', '227517', '389848', '215510', '346823', '453474', '55949', '329260', '514303']"
9,32,10,30.917548714432254,34.35283190492473,50.0,"['436517', '459665', '87191', '516545', '287709', '31382', '59912', '60725', '434738', '18838']"
9,33,12,26.288596716225975,29.20955190691775,50.0,"['60197', '452846', '25615', '483644', '349207', '27832', '75859', '179644', '152266', '242516', '121143', '7292']"
9,34,12,28.93479928974005,32.14977698860005,50.0,"['267376', '333827', '282048', '183875', '361089', '250934', '277767', '162605', '120305', '469666', '407841', '282801']"
9,35,11,36.95217743156992,41.057974923966576,50.0,"['524907', '233753', '191154', '407592', '84873', '261802', '61379', '119842', '357027', '225298', '343064']"
9,36,9,23.84001270950194,26.488903010557713,50.0,"['264018', '131095', '222350', '470251', '26402', '463762', '69626', '56167', '461107']"
9,37,13,38.25217565844345,42.502417398270495,50.0,"['492549', '307573', '42335', '450692', '284645', '115968', '506220', '367483', '374743', '302621', '537920', '292090', '97305']"
9,38,12,35.696579906146,39.662866562384444,50.0,"['401975', '412019', '415007', '520838', '35073', '21295', '256426', '206494', '301874', '43092', '253224', '292676']"
9,39,4,18.900547355493423,21.00060817277047,25.0,"['279405', '342684', '76849', '431957']"
9,40,12,38.763442876956134,43.070492085506814,50.0,"['437412', '513336', '381087', '454770', '8083', '238210', '389744', '507777', '485566', '161861', '213002', '498546']"
9,41,12,31.303158377972938,34.781287086636596,50.0,"['104208', '193407', '15089', '239985', '106564', '543373', '254810', '263375', '302088', '163213', '163371', '159349']"
9,42,5,19.062501766366154,21.180557518184614,25.0,"['516263', '302838', '129763', '499943', '404858']"
9,43,6,18.18268732644674,20.202985918274155,25.0,"['506224', '452253', '262502', '267170', '315517', '330101']"
9,44,5,17.071910409759315,18.968789344177015,25.0,"['173606', '524546', '343474', '18626', '118013']"
9,45,8,35.19082918155046,39.10092131283385,50.0,"['396742', '69737', '447578', '91480', '377381', '298681', '139272', '104860']"
9,46,2,17.25685827789634,19.174286975440378,25.0,"['51960', '541074']"
9,47,11,23.15261784645626,25.725130940506954,50.0,"['160568', '85660', '422424', '126795', '163934', '483016', '49829', '417114', '215656', '265551', '20210']"
9,48,9,25.355486453925657,28.17276272658406,50.0,"['240492', '448971', '451476', '372134', '500108', '410593', '517258', '376796', '122061']"
9,49,8,22.290340379508812,24.7670448661209,25.0,"['202088', '513045', '395429', '54697', '543210', '165026', '61674', '123278']"
9,50,12,38.27229749006492,42.52477498896102,50.0,"['10740', '79849', '365132', '114719', '447938', '330258', '289531', '174570', '293636', '100023', '268292', '16760']"
9,51,2,9.82855218181661,10.920613535351789,25.0,"['283566', '228624']"
9,52,5,16.66816876154756,18.52018751283062,25.0,"['423568', '488510', '81741', '425185', '428747']"
9,53,12,40.55336258250759,45.059291758341764,50.0,"['436458', '153002', '142620', '371852', '188953', '93768', '151790', '263662', '488440', '289058', '372499', '543603']"
9,54,8,34.191312623573175,37.99034735952575,50.0,"['486178', '392818', '69509', '347246', '200374', '241959', '330074', '284091']"
9,55,6,17.260519767662494,19.17835529740277,25.0,"['408279', '233879', '500895', '97512', '144651', '325789']"
9,56,13,35.3690921267887,39.298991251987445,50.0,"['265588', '208475', '295670', '125128', '299354', '523530', '412293', '464315', '112300', '411518', '500428', '263068', '106794']"
9,57,9,32.48543305151843,36.09492561279825,50.0,"['19670', '47840', '352165', '78581', '277908', '341670', '238996', '140441', '173278']"
9,58,4,12.853191844872281,14.281324272080312,25.0,"['192312', '383693', '15007', '436427']"
9,59,3,14.286697709137794,15.87410856570866,25.0,"['219636', '126829', '370146']"
9,60,4,23.09094193796061,25.65660215328957,50.0,"['215583', '389346', '543450', '499731']"
9,61,11,42.83811217758686,47.59790241954095,50.0,"['516138', '359302', '396629', '290676', '513516', '47630', '156716', '475046', '440204', '387140', '321516']"
9,62,6,26.879691773008215,29.86632419223135,50.0,"['314471', '372892', '130380', '259612', '530378', '44738']"
9,63,1,5.011288320026308,5.5680981333625645,25.0,['531662']
9,64,13,33.26869277952344,36.96521419947049,50.0,"['219611', '491740', '188246', '124544', '373440', '528839', '77240', '517144', '489009', '299045', '57486', '332159', '199812']"
9,65,10,27.650569998760677,30.72285555417853,50.0,"['185819', '188487', '373657', '907', '420097', '446349', '145405', '149516', '236160', '279']"
9,66,13,29.98938625149691,33.32154027944101,50.0,"['402638', '136784', '202039', '371047', '428666', '101380', '92339', '486098', '498854', '346110', '248626', '33973', '242999']"
9,67,11,26.51311659248382,29.45901843609313,50.0,"['139404', '151863', '327612', '439854', '214106', '89529', '414177', '300418', '69868', '437803', '31965']"
9,68,4,11.560400593505214,12.844889548339127,25.0,"['133636', '386874', '88759', '291601']"
9,69,6,17.55165554450117,19.501839493890188,25.0,"['232939', '379782', '429888', '117120', '63556', '454230']"
9,70,8,26.43178809252887,29.368653436143187,50.0,"['386916', '77324', '369055', '6545', '527237', '682', '257435', '115209']"
9,71,10,25.961960162456542,28.84662240272949,50.0,"['172155', '378673', '269943', '541219', '384563', '412017', '383204', '340776', '304201', '147319']"
9,72,6,19.019816914426535,21.133129904918373,25.0,"['510593', '533820', '472629', '194635', '202555', '343990']"
9,73,1,8.883990019094455,9.87110002121606,25.0,['388148']
9,74,6,20.039210155990936,22.26578906221215,25.0,"['449181', '96862', '22158', '249134', '152328', '241027']"
9,75,11,29.700090284949308,33.00010031661034,50.0,"['67168', '274702', '136477', '262816', '404444', '275286', '162090', '160880', '201687', '487709', '199657']"
9,76,1,12.474045799411927,13.860050888235474,25.0,['75607']
9,77,2,9.895173902487961,10.994637669431068,25.0,"['398312', '223077']"
9,78,11,32.004418889087106,35.560465432319006,50.0,"['320667', '141246', '153713', '68863', '303298', '519092', '524510', '40436', '476573', '201834', '32833']"
9,79,7,23.081404984547937,25.646005538386596,50.0,"['193900', '248221', '350164', '255345', '267735', '493708', '469041']"
9,80,2,11.958675367323664,13.287417074804072,25.0,"['467636', '434494']"
9,81,3,10.030007739122254,11.144453043469172,25.0,"['102922', '13050', '160898']"
9,82,10,36.66986671151489,40.744296346127655,50.0,"['44812', '312335', '464312', '489422', '284293', '109561', '392995', '229481', '403104', '192389']"
9,83,12,32.30109471934321,35.89010524371468,50.0,"['418397', '144143', '233532', '200098', '432616', '338070', '32222', '21595', '515041', '129766', '79390', '522556']"
9,84,8,26.98860409811069,29.987337886789657,50.0,"['411339', '67186', '40995', '346726', '173392', '341963', '427800', '77868']"
9,85,1,4.682129378222087,5.202365975802319,25.0,['233698']
9,86,3,11.575225405162652,12.861361561291835,25.0,"['20621', '114941', '471083']"
9,87,4,16.889757059364086,18.766396732626763,25.0,"['248997', '318102', '319626', '213027']"
9,88,12,30.40677281259099,33.7853031251011,50.0,"['66449', '184561', '157218', '348481', '300631', '545763', '159311', '337903', '356235', '352319', '209412', '167202']"
9,89,7,21.940959154397877,24.37884350488653,25.0,"['201928', '327596', '528850', '323846', '502985', '226598', '34928']"
9,90,7,21.79116263478307,24.212402927536743,25.0,"['5296', '298162', '472992', '495378', '175977', '358737', '240212']"
9,91,3,16.190360397418143,17.989289330464604,25.0,"['491749', '315490', '247213']"
9,92,12,30.388169932465825,33.76463325829536,50.0,"['432671', '473426', '226419', '337614', '515502', '419752', '159900', '304116', '114077', '391979', '329123', '510701']"
9,93,2,11.585622444002656,12.872913826669617,25.0,"['544508', '176608']"
9,94,6,16.218523536979017,18.020581707754463,25.0,"['547294', '526365', '414301', '530550', '522245', '124966']"
9,95,2,3.450748388481964,3.8341648760910707,25.0,"['52377', '125925']"
9,96,7,18.546160694272395,20.606845215858215,25.0,"['230501', '520487', '160500', '329861', '525441', '524444', '361750']"
9,97,4,19.08563331039507,21.2062592337723,25.0,"['197532', '4916', '538593', '254623']"
9,98,13,28.439078532059195,31.59897614673244,50.0,"['31427', '547304', '486285', '122601', '401027', '400528', '95555', '224398', '417306', '341616', '331771', '362268', '49559']"
9,99,12,28.54241241058232,31.713791567313688,50.0,"['237120', '381381', '180871', '369049', '392777', '50580', '269586', '421285', '482395', '279160', '35191', '339433']"
9,100,10,23.625085580540087,26.250095089488987,50.0,"['155532', '179886', '184427', '120348', '487621', '334183', '100763', '213568', '496323', '345470']"
9,101,9,26.821530039556045,29.80170004395116,50.0,"['68232', '280063', '170825', '451461', '38407', '262350', '468180', '422231', '492245']"
9,102,4,22.01150616019874,24.457229066887486,25.0,"['175523', '162004', '107460', '111433']"
9,103,3,9.223275932187342,10.248084369097047,25.0,"['292117', '420064', '526989']"
9,104,7,27.346467539965328,30.38496393329481,50.0,"['494663', '316619', '241331', '505847', '534341', '137501', '142225']"
9,105,8,28.7581172988459,31.953463665384334,50.0,"['446024', '311107', '173050', '535774', '326187', '242598', '411121', '424439']"
10,1,12,35.444366933757465,39.38262992639718,50.0,"['228624', '465186', '346823', '233753', '84873', '469666', '167202', '341963', '317423', '244264', '418397', '40995']"
10,2,12,49.3672054654982,54.85245051722022,75.0,"['440204', '233879', '343474', '350164', '326187', '257435', '318102', '133636', '25615', '201819', '267170', '140441']"
10,3,1,7.793606296701347,8.659562551890385,25.0,['152328']
10,4,2,10.636690417633623,11.818544908481803,25.0,"['512375', '33973']"
10,5,4,17.993703050723894,19.993003389693214,25.0,"['115209', '225070', '436282', '330258']"
10,6,2,5.2394056662639485,5.821561851404387,25.0,"['212890', '267376']"
10,7,10,29.677655838867235,32.975173154296925,50.0,"['449181', '188110', '379880', '323278', '369055', '21295', '124966', '212021', '500895', '404817']"
10,8,2,5.985084847334632,6.650094274816258,25.0,"['202039', '524510']"
10,9,8,27.17615711824271,30.195730131380788,50.0,"['907', '530378', '173050', '314471', '238210', '544508', '6545', '497858']"
10,10,12,26.702118013255305,29.669020014728115,50.0,"['420097', '168910', '100023', '401027', '40436', '469041', '31427', '126829', '422424', '277908', '302838', '262502']"
10,11,9,28.100529320331425,31.222810355923805,50.0,"['533820', '67009', '121143', '505847', '389744', '432671', '493311', '544772', '423568']"
10,12,9,29.78923132141306,33.09914591268117,50.0,"['341670', '27832', '454230', '28159', '136477', '160898', '519092', '264018', '344492']"
10,13,11,27.443182733989577,30.49242525998842,50.0,"['500108', '485700', '255345', '412293', '372134', '157218', '259004', '346824', '63556', '331771', '295670']"
10,14,9,38.40830422254747,42.6758935806083,50.0,"['436627', '330646', '349207', '280063', '232939', '131393', '229481', '61674', '432616']"
10,15,2,13.721004012920746,15.245560014356384,25.0,"['334183', '213568']"
10,16,2,5.953086604251334,6.614540671390371,25.0,"['102922', '492245']"
10,17,1,7.513239989696551,8.348044432996167,25.0,['27287']
10,18,1,6.469757154345395,7.188619060383772,25.0,['329123']
10,19,11,34.7631647446896,38.625738605210664,50.0,"['343990', '453474', '319626', '506220', '265588', '169460', '162090', '175687', '64839', '320667', '199812']"
10,20,13,30.474453827118655,33.86050425235406,50.0,"['541074', '165026', '156716', '346726', '131095', '402638', '247213', '95555', '77240', '67168', '175316', '473426', '422231']"
10,21,11,29.28993405344596,32.54437117049551,50.0,"['330101', '172155', '129763', '437412', '521372', '298162', '152266', '504968', '359302', '429888', '682']"
10,22,7,21.065371024597617,23.405967805108464,25.0,"['109561', '124562', '391944', '69842', '516138', '202555', '30686']"
10,23,12,31.893677595480344,35.43741955053372,50.0,"['487621', '191154', '93799', '410593', '316619', '425185', '504397', '451476', '234094', '319337', '494604', '282801']"
10,24,13,33.827603832983584,37.58622648109287,50.0,"['543603', '537424', '547937', '213027', '428747', '356235', '35191', '386916', '414177', '468180', '498854', '461295', '450684']"
10,25,5,19.148490088749703,21.27610009861078,25.0,"['230471', '361750', '327612', '483644', '472629']"
10,26,6,20.859877462217327,23.17764162468592,25.0,"['364878', '407592', '141246', '16760', '524907', '530550']"
10,27,9,29.233722916551535,32.48191435172393,50.0,"['120305', '299354', '199016', '192389', '202088', '541219', '114077', '463762', '339433']"
10,28,13,41.40369147644969,46.00410164049965,50.0,"['68863', '528839', '321516', '446024', '52377', '349166', '261802', '114719', '330074', '215583', '391468', '44738', '60197']"
10,29,8,23.5599163585401,26.177684842822334,50.0,"['385476', '365132', '227517', '226419', '302621', '451978', '149516', '376796']"
10,30,12,27.995120182941772,31.105689092157522,50.0,"['305432', '137501', '527237', '127663', '20210', '74247', '193407', '72989', '407841', '367483', '173278', '66449']"
10,31,8,21.54389562826094,23.937661809178824,25.0,"['174597', '428666', '345470', '304116', '241959', '415007', '517258', '31382']"
10,32,10,29.551907396165145,32.835452662405714,50.0,"['242598', '238996', '236160', '531662', '436517', '420064', '283566', '122061', '69868', '95544']"
10,33,11,28.177858226725156,31.308731363027952,50.0,"['104208', '179644', '215656', '146446', '543210', '35932', '48221', '256426', '535774', '493708', '279405']"
10,34,2,8.922157002362058,9.913507780402286,25.0,"['55949', '111501']"
10,35,11,31.82318878702688,35.35909865225209,50.0,"['333827', '89529', '85660', '235662', '272937', '96862', '120348', '524546', '5296', '284645', '486285']"
10,36,2,11.963957301010439,13.293285890011598,25.0,"['159311', '104562']"
10,37,1,1.4189104653649858,1.576567183738873,25.0,['226598']
10,38,1,3.935544910579143,4.372827678421269,25.0,['153713']
10,39,7,19.127207021609124,21.25245224623236,25.0,"['451771', '489422', '478833', '279160', '270459', '368041', '32222']"
10,40,8,23.91733627356921,26.574818081743565,50.0,"['237120', '473498', '130380', '99499', '125925', '162605', '275680', '161861']"
10,41,11,30.256432321322457,33.61825813480273,50.0,"['192800', '115968', '59425', '240492', '51960', '547294', '340776', '528850', '289058', '325008', '303298']"
10,42,11,28.565906093737812,31.73989565970868,50.0,"['329260', '338070', '259612', '69626', '527111', '197532', '118013', '78581', '239985', '307573', '311107']"
10,43,8,22.343953842869926,24.826615380966583,25.0,"['299045', '139404', '284293', '263375', '545696', '348481', '323846', '253224']"
10,44,1,5.345282422216479,5.939202691351643,25.0,['176607']
10,45,3,6.657681623510285,7.397424026122539,25.0,"['131226', '155532', '179886']"
10,46,5,21.469636416297288,23.85515157366365,25.0,"['522245', '49829', '372499', '491740', '467636']"
10,47,2,14.006960522917023,15.563289469907803,25.0,"['95159', '409483']"
10,48,11,34.939858175290766,38.82206463921196,50.0,"['293636', '369049', '300418', '287709', '176608', '506224', '396629', '97305', '268292', '408279', '352165']"
10,49,12,30.873603826428543,34.304004251587266,50.0,"['203733', '421285', '316051', '40454', '486098', '136784', '414301', '267735', '383693', '513516', '372892', '201834']"
10,50,4,19.96014468100511,22.177938534450124,25.0,"['242999', '425465', '240212', '292090']"
10,51,12,34.61958487972463,38.46620542191625,50.0,"['378673', '107460', '388148', '160880', '93768', '254810', '315490', '97512', '112300', '7292', '396589', '248221']"
10,52,5,20.673949183885316,22.971054648761463,25.0,"['452846', '81741', '514303', '312422', '123278']"
10,53,11,32.37759120331413,35.9751013370157,50.0,"['269943', '242516', '56167', '471083', '400528', '486178', '228588', '186366', '188246', '180871', '56291']"
10,54,1,11.023636424185574,12.248484915761749,25.0,['377381']
10,55,7,18.009509738197096,20.01056637577455,25.0,"['397555', '100763', '459665', '389848', '358737', '392995', '312335']"
10,56,10,29.273219308721707,32.525799231913005,50.0,"['187566', '224866', '337903', '475046', '155119', '335542', '79390', '405479', '125128', '42766']"
10,57,2,10.796501015272398,11.996112239191552,25.0,"['301874', '77324']"
10,58,12,31.768000443041686,35.297778270046315,50.0,"['110117', '389346', '216764', '159900', '499943', '59912', '526365', '219636', '520838', '503022', '76849', '506136']"
10,59,1,6.638505592875444,7.37611732541716,25.0,['159349']
10,60,5,14.2899299091989,15.877699899109889,25.0,"['385325', '428936', '538937', '482358', '88759']"
10,61,1,8.302881671316912,9.225424079241014,25.0,['387140']
10,62,2,9.730203033395654,10.811336703772948,25.0,"['337614', '184427']"
10,63,4,24.540166352618225,27.266851502909137,50.0,"['411339', '47959', '494663', '381087']"
10,64,3,6.839167998752843,7.599075554169826,25.0,"['487751', '263662', '289531']"
10,65,2,12.321450200603657,13.690500222892952,25.0,"['147319', '517144']"
10,66,11,35.697725419128396,39.66413935458711,50.0,"['446349', '126795', '284091', '437803', '175523', '44812', '144651', '488510', '396742', '464312', '256260']"
10,67,6,25.960263001069883,28.844736667855425,50.0,"['103643', '163371', '487709', '173392', '75859', '325789']"
10,68,1,8.63406818577668,9.593409095307422,25.0,['61379']
10,69,4,8.438562096769125,9.37618010752125,25.0,"['250934', '42335', '117115', '510701']"
10,70,12,35.54941163379551,39.499346259772786,50.0,"['516545', '4916', '217704', '229548', '492549', '57486', '233532', '273801', '203389', '513336', '145405', '151790']"
10,71,4,17.002110585177974,18.89123398353108,25.0,"['517304', '142225', '531771', '502985']"
10,72,2,11.059633974620752,12.288482194023057,25.0,"['279', '35073']"
10,73,13,31.833513216245844,35.37057024027316,50.0,"['524496', '96010', '249134', '391969', '43092', '381122', '491749', '525441', '193900', '237735', '68232', '302815', '329861']"
10,74,1,6.524299102980852,7.2492212255342805,25.0,['523081']
10,75,5,15.547445677415672,17.274939641572967,25.0,"['114941', '292117', '456950', '436458', '38407']"
10,76,10,23.764190687430446,26.404656319367163,50.0,"['111433', '449778', '174570', '485566', '383204', '141350', '539605', '57620', '33761', '284247']"
10,77,5,16.149743535730963,17.944159484145512,25.0,"['92339', '249827', '383865', '119842', '523530']"
10,78,13,33.99660271097364,37.774003012192935,50.0,"['543373', '373657', '515041', '241758', '346110', '404444', '291601', '153002', '3612', '233698', '216421', '209412', '8083']"
10,79,7,15.90496465695412,17.672182952171244,25.0,"['482395', '545763', '470251', '357027', '160568', '439854', '22158']"
10,80,3,17.745499835651035,19.71722203961226,25.0,"['91397', '201928', '450692']"
10,81,8,26.514709151178074,29.460787945753417,50.0,"['34928', '361607', '370146', '239992', '459186', '510593', '217854', '183304']"
10,82,5,12.38723942786239,13.763599364291544,25.0,"['454770', '438056', '54697', '488440', '26402']"
10,83,6,15.571089747588537,17.30121083065393,25.0,"['15089', '483016', '192312', '263068', '170825', '391979']"
10,84,5,16.186326626175067,17.984807362416742,25.0,"['261325', '196926', '507808', '184561', '302088']"
10,85,13,34.56958913201574,38.410654591128605,50.0,"['359627', '343064', '20621', '373440', '274702', '301504', '424439', '304201', '77868', '2098', '101380', '190006', '6945']"
10,86,7,22.386671095591694,24.874078995101883,25.0,"['104860', '69509', '172572', '620', '384563', '119634', '18626']"
10,87,7,29.93014572980983,33.25571747756648,50.0,"['427800', '208475', '520487', '499731', '67186', '515502', '32833']"
10,88,6,20.04324532330265,22.270272581447387,25.0,"['401975', '201687', '87191', '269586', '519534', '215510']"
10,89,5,25.175119714057075,27.972355237841192,50.0,"['454310', '193154', '223077', '188487', '371852']"
10,90,6,24.712370720322884,27.458189689247646,50.0,"['472992', '537920', '275286', '434494', '454110', '162004']"
10,91,4,15.678640803786337,17.42071200420704,25.0,"['352319', '53693', '521269', '151863']"
10,92,2,17.183752305428502,19.09305811714278,25.0,"['249276', '309544']"
10,93,3,14.779409348666993,16.421565942963326,25.0,"['275091', '238242', '371047']"
10,94,1,10.395460591664534,11.550511768516149,25.0,['546972']
10,95,12,38.99131351572536,43.32368168413929,50.0,"['18838', '213002', '292676', '538593', '15007', '487999', '370745', '89230', '298681', '386874', '513045', '124544']"
10,96,9,26.0412214093117,28.934690454790776,50.0,"['106794', '362268', '209609', '196305', '516263', '447938', '398312', '277767', '122601']"
10,97,4,13.074839636399709,14.527599595999677,25.0,"['210595', '404858', '495378', '241676']"
10,98,3,10.205837571780338,11.339819524200374,25.0,"['294527', '547304', '341616']"
10,99,2,6.858954979954046,7.621061088837829,25.0,"['303622', '315517']"
10,100,7,36.2603696426991,40.289299602998994,50.0,"['160500', '75607', '412019', '431957', '122651', '79849', '50580']"
10,101,6,20.335891773480306,22.595435303867006,25.0,"['412017', '39960', '300631', '203949', '392777', '419752']"
10,102,1,4.6905529230310625,5.211725470034514,25.0,['21595']
10,103,7,25.123623888455576,27.91513765383953,50.0,"['47630', '117120', '111132', '97799', '305045', '175977', '446322']"
10,104,10,27.79771278727315,30.886347541414608,50.0,"['183875', '381418', '411518', '364735', '49559', '60725', '176384', '225298', '237962', '452253']"
10,105,8,26.30290595878448,29.225451065316086,50.0,"['531460', '451461', '144143', '128310', '163934', '541265', '69737', '417114']"
10,106,10,29.727628200221023,33.03069800024558,50.0,"['91480', '318055', '200374', '374743', '241331', '361089', '111557', '10740', '180949', '206494']"
10,107,12,28.548354777977323,31.72039419775258,50.0,"['248626', '139272', '509992', '496323', '173606', '403104', '332159', '248997', '347246', '147115', '194635', '70024']"
10,108,4,13.458685641976082,14.954095157751201,25.0,"['432318', '129766', '290676', '522556']"
10,109,13,35.18836768257819,39.098186313975766,50.0,"['142620', '526989', '476573', '489009', '185819', '392818', '417306', '395429', '186924', '524444', '19670', '31965', '230501']"
10,110,9,38.564509001237106,42.849454445819006,50.0,"['465182', '534341', '200098', '254623', '448971', '381381', '265551', '498546', '320013']"
10,111,2,16.06055897781323,17.84506553090359,25.0,"['507777', '441278']"
10,112,6,25.25837098342857,28.064856648253965,50.0,"['543450', '47840', '447578', '436427', '241027', '327596']"
10,113,8,18.735689677025714,20.817432974473014,25.0,"['379782', '452422', '464315', '262816', '188953', '342684', '312', '336050']"
10,114,7,32.78469107889321,36.42743453210357,50.0,"['262350', '219611', '282048', '411121', '142507', '214106', '434738']"
10,115,10,30.364691753273192,33.73854639252577,50.0,"['106564', '324981', '500428', '222350', '327131', '163213', '461107', '224398', '13050', '199657']"
11,1,5,20.072058823279928,22.302287581422142,25.0,"['69737', '275680', '183304', '379782', '500108']"
11,2,13,31.44935183564712,34.943724261830134,50.0,"['68232', '33761', '214106', '419752', '40436', '456950', '547937', '159900', '438056', '513045', '15089', '226598', '519092']"
11,3,2,30.62471267024245,34.02745852249161,50.0,"['440204', '248626']"
11,4,10,30.997648533409745,34.4418317037886,50.0,"['467636', '133636', '155119', '337903', '486178', '254810', '361607', '104562', '515502', '180871']"
11,5,7,26.17576293798719,29.084181042207987,50.0,"['137501', '303622', '18626', '257435', '519534', '323278', '120305']"
11,6,13,37.32220053281029,41.46911170312254,50.0,"['162004', '206494', '348481', '369055', '97512', '121143', '162605', '431957', '282801', '49559', '461107', '414177', '538593']"
11,7,8,25.930753559138132,28.811948399042368,50.0,"['147319', '349166', '391969', '502985', '60197', '381418', '383693', '249827']"
11,8,7,19.590381694369913,21.767090771522124,25.0,"['152266', '176607', '294527', '343474', '151790', '139404', '284247']"
11,9,2,8.288950051403942,9.209944501559935,25.0,"['269586', '437412']"
11,10,1,6.501139337962694,7.223488153291882,25.0,['241331']
11,11,5,12.065137147200067,13.405707941333407,25.0,"['234094', '304201', '93799', '120348', '199812']"
11,12,5,15.720531187582697,17.467256875091884,25.0,"['124562', '209609', '396629', '160568', '275286']"
11,13,9,27.303200025847147,30.33688891760794,50.0,"['500428', '389744', '341616', '411518', '241959', '530378', '384563', '404444', '111132']"
11,14,12,27.779885710167626,30.866539677964028,50.0,"['389848', '407592', '119842', '523081', '524546', '270459', '482395', '201834', '464315', '75607', '343990', '173606']"
11,15,4,16.742267377428576,18.60251930825397,25.0,"['31427', '389346', '358737', '483644']"
11,16,2,11.372189453564378,12.635766059515975,25.0,"['428747', '620']"
11,17,9,23.24045270651762,25.82272522946402,50.0,"['434494', '228624', '284091', '307573', '173050', '465186', '370745', '485700', '242516']"
11,18,8,20.78882874595781,23.09869860661979,25.0,"['320013', '469041', '68863', '330074', '20210', '346823', '156716', '142507']"
11,19,11,42.9957308200004,47.77303424444489,50.0,"['130380', '131095', '119634', '292676', '334183', '524907', '199016', '289058', '531662', '56167', '265551']"
11,20,13,30.48319252538432,33.87021391709369,50.0,"['347246', '329260', '454230', '38407', '503022', '500895', '3612', '373440', '421285', '327612', '371047', '268292', '16760']"
11,21,5,17.840532994986763,19.82281443887418,25.0,"['104208', '187566', '361750', '192800', '35932']"
11,22,6,26.556821631823812,29.507579590915345,50.0,"['356235', '403104', '180949', '489422', '372892', '253224']"
11,23,12,35.771673409388555,39.7463037882095,50.0,"['196305', '446322', '383865', '21295', '106564', '192389', '124544', '25615', '499731', '407841', '67186', '42766']"
11,24,1,17.219248571766848,19.132498413074273,25.0,['89230']
11,25,12,31.834518318843998,35.37168702093778,50.0,"['439854', '432671', '397555', '51960', '447938', '277908', '545763', '386916', '238996', '470251', '279405', '486098']"
11,26,12,27.890058609148152,30.988954010164612,50.0,"['543373', '340776', '142225', '522245', '141350', '517258', '299045', '312', '451771', '374743', '140441', '174597']"
11,27,10,30.589962170733667,33.98884685637074,50.0,"['330258', '284293', '482358', '267170', '131226', '449778', '117120', '136784', '335542', '53693']"
11,28,8,27.2286432263926,30.25404802932511,50.0,"['491749', '293636', '324981', '19670', '450684', '405479', '301874', '52377']"
11,29,1,4.063560063264182,4.515066736960202,25.0,['472629']
11,30,1,5.012540610264843,5.569489566960936,25.0,['346110']
11,31,12,47.35810876371876,52.6201208485764,75.0,"['155532', '229481', '452422', '39960', '436627', '446024', '87191', '102922', '489009', '525441', '224866', '469666']"
11,32,2,10.836691321715435,12.040768135239372,25.0,"['357027', '411121']"
11,33,3,14.055583410391472,15.61731490043497,25.0,"['169460', '131393', '216421']"
11,34,6,16.890393126658246,18.76710347406472,25.0,"['5296', '506220', '202555', '249134', '381122', '57486']"
11,35,5,22.008228669502508,24.45358741055834,25.0,"['241758', '396742', '505847', '411339', '446349']"
11,36,11,27.48837733583689,30.54264148426321,50.0,"['263662', '49829', '292117', '175523', '504968', '168910', '346824', '488440', '450692', '191154', '217854']"
11,37,10,30.206972599949214,33.56330288883246,50.0,"['316051', '69868', '199657', '159311', '219611', '149516', '392995', '451978', '392818', '305432']"
11,38,2,12.403666491675052,13.781851657416723,25.0,"['512375', '544508']"
11,39,7,28.218643886162127,31.354048762402364,50.0,"['47959', '377381', '350164', '526365', '404817', '492245', '106794']"
11,40,13,45.0709909657818,50.07887885086867,75.0,"['100023', '483016', '385325', '225070', '372499', '412017', '262350', '47840', '170825', '129763', '325789', '396589', '409483']"
11,41,13,29.98831404385193,33.320348937613254,50.0,"['57620', '538937', '236160', '111501', '332159', '238210', '273801', '485566', '30686', '233698', '93768', '498854', '88759']"
11,42,9,25.25103478578785,28.056705317542058,50.0,"['194635', '441278', '516545', '91397', '226419', '20621', '160500', '141246', '111433']"
11,43,3,9.096841952710786,10.107602169678652,25.0,"['79390', '543450', '391979']"
11,44,2,9.59951614540289,10.666129050447655,25.0,"['312422', '255345']"
11,45,3,15.860766124523037,17.623073471692262,25.0,"['123278', '66449', '422231']"
11,46,9,24.636853743313683,27.3742819370152,50.0,"['261802', '196926', '486285', '309544', '56291', '85660', '60725', '136477', '124966']"
11,47,9,29.855723487801168,33.17302609755685,50.0,"['341963', '422424', '48221', '379880', '493311', '522556', '215583', '115968', '145405']"
11,48,12,32.93322875133376,36.59247639037084,50.0,"['7292', '539605', '67009', '241676', '378673', '208475', '451476', '176384', '77868', '523530', '118013', '472992']"
11,49,10,31.117026597394812,34.57447399710534,50.0,"['27287', '32222', '459665', '292090', '212890', '190006', '244264', '127663', '31965', '201928']"
11,50,9,25.786092967454337,28.651214408282595,50.0,"['524510', '250934', '299354', '330101', '337614', '248221', '269943', '81741', '513336']"
11,51,13,30.208356202141484,33.564840224601646,50.0,"['262502', '95544', '388148', '216764', '338070', '510593', '161861', '91480', '61379', '96010', '200098', '248997', '183875']"
11,52,10,24.5615430488945,27.290603387660553,50.0,"['256260', '69842', '192312', '305045', '256426', '174570', '547304', '498546', '203389', '6945']"
11,53,6,25.32624309110296,28.14027010122551,50.0,"['223077', '70024', '341670', '213002', '428936', '99499']"
11,54,10,29.818740979202246,33.13193442133583,50.0,"['8083', '336050', '492549', '219636', '240212', '122061', '157218', '461295', '436458', '112300']"
11,55,9,32.750352943855255,36.38928104872806,50.0,"['473426', '215510', '163371', '465182', '318055', '291601', '524444', '184561', '425185']"
11,56,6,21.80093480805301,24.223260897836678,25.0,"['412019', '398312', '325008', '543603', '352319', '370146']"
11,57,12,36.96973954092117,41.0774883788013,50.0,"['129766', '327596', '283566', '520487', '459186', '147115', '507808', '197532', '514303', '238242', '203733', '453474']"
11,58,5,22.71814674119653,25.242385267996145,50.0,"['97799', '487709', '303298', '241027', '497858']"
11,59,10,38.85212788315017,43.16903098127796,50.0,"['172572', '242999', '541219', '423568', '107460', '400528', '212021', '359627', '509992', '434738']"
11,60,9,24.016200997557682,26.684667775064092,50.0,"['287709', '76849', '530550', '391468', '471083', '233532', '401975', '417114', '229548']"
11,61,2,8.312486153206983,9.236095725785537,25.0,"['22158', '414301']"
11,62,2,14.559232066225999,16.176924518028887,25.0,"['44812', '126795']"
11,63,8,25.69701967294464,28.5522440810496,50.0,"['528850', '491740', '373657', '449181', '376796', '330646', '487999', '139272']"
11,64,2,8.79259145842081,9.769546064912012,25.0,"['44738', '392777']"
11,65,13,33.58551867604853,37.31724297338725,50.0,"['520838', '314471', '259004', '188487', '315517', '476573', '329123', '279', '32833', '114077', '4916', '6545', '193407']"
11,66,13,31.678869964275794,35.19874440475088,50.0,"['125925', '117115', '59425', '362268', '368041', '27832', '15007', '451461', '167202', '230501', '92339', '101380', '217704']"
11,67,5,16.596425706705503,18.44047300745056,25.0,"['122651', '516138', '184427', '233879', '295670']"
11,68,11,26.950047317253542,29.9444970191706,50.0,"['188953', '464312', '54697', '203949', '40995', '144651', '227517', '507777', '33973', '395429', '114719']"
11,69,8,23.453010513920628,26.058900571022917,50.0,"['265588', '412293', '364878', '372134', '175316', '494663', '10740', '277767']"
11,70,2,11.868783800176448,13.187537555751609,25.0,"['528839', '315490']"
11,71,5,17.266602067451622,19.18511340827958,25.0,"['274702', '401027', '381087', '35073', '176608']"
11,72,3,14.630124128006234,16.25569347556248,25.0,"['228588', '237120', '361089']"
11,73,5,19.56266859740085,21.7362984415565,25.0,"['34928', '193900', '153713', '239985', '210595']"
11,74,2,15.486350909998219,17.207056566664686,25.0,"['179886', '531771']"
11,75,5,18.637888974805378,20.708765527561532,25.0,"['272937', '344492', '342684', '160898', '128310']"
11,76,3,18.97586044904072,21.084289387823024,25.0,"['103643', '327131', '43092']"
11,77,9,26.209828206994324,29.122031341104805,50.0,"['531460', '142620', '21595', '201819', '247213', '179644', '367483', '159349', '186924']"
11,78,4,12.972503900742657,14.413893223047396,25.0,"['544772', '381381', '100763', '547294']"
11,79,3,6.974597173119154,7.749552414576837,25.0,"['349207', '386874', '302838']"
11,80,3,14.956311157633564,16.618123508481737,25.0,"['55949', '428666', '432318']"
11,81,8,27.145375963928572,30.161528848809525,50.0,"['188110', '521372', '521269', '517144', '110117', '263068', '524496', '321516']"
11,82,12,31.92072168388438,35.46746853764931,50.0,"['69626', '162090', '95555', '146446', '448971', '126829', '163213', '186366', '275091', '240492', '50580', '535774']"
11,83,2,27.49058580141701,30.545095334907785,50.0,"['202039', '352165']"
11,84,1,10.394013043163667,11.548903381292964,25.0,['533820']
11,85,6,19.821129957523713,22.023477730581902,25.0,"['215656', '160880', '69509', '478833', '47630', '517304']"
11,86,4,34.392115952752484,38.213462169724984,50.0,"['534341', '402638', '59912', '173392']"
11,87,13,29.611959736688206,32.902177485209116,50.0,"['369049', '125128', '63556', '515041', '111557', '504397', '222350', '261325', '506224', '487751', '263375', '237962', '267376']"
11,88,9,27.731648664678783,30.812942960754203,50.0,"['185819', '163934', '84873', '302088', '26402', '2098', '473498', '280063', '541074']"
11,89,12,29.193252264782075,32.43694696086897,50.0,"['429888', '316619', '75859', '300631', '317423', '254623', '109561', '326187', '193154', '311107', '513516', '302815']"
11,90,5,14.743888424706038,16.382098249673376,25.0,"['415007', '427800', '543210', '290676', '79849']"
11,91,8,19.228881665345494,21.365424072606103,25.0,"['333827', '371852', '385476', '408279', '463762', '31382', '488510', '172155']"
11,92,3,11.268738607337639,12.520820674819598,25.0,"['319337', '437803', '175687']"
11,93,12,28.8911467145649,32.10127412729433,50.0,"['224398', '320667', '454770', '546972', '213027', '331771', '329861', '387140', '404858', '541265', '77324', '239992']"
11,94,5,17.434068797865603,19.371187553184004,25.0,"['300418', '289531', '13050', '202088', '516263']"
11,95,1,8.763461123988181,9.737179026653534,25.0,['527237']
11,96,8,32.229406326369045,35.810451473743385,50.0,"['165026', '432616', '279160', '454110', '188246', '225298', '494604', '232939']"
11,97,11,30.326565728944153,33.69618414327128,50.0,"['61674', '213568', '282048', '312335', '114941', '259612', '343064', '364735', '144143', '495378', '35191']"
11,98,9,25.713924197876004,28.57102688652889,50.0,"['682', '537424', '436517', '237735', '510701', '122601', '496323', '359302', '302621']"
11,99,3,4.405995381080291,4.895550423422545,25.0,"['153002', '28159', '907']"
11,100,9,20.672082285858796,22.968980317620883,25.0,"['526989', '323846', '304116', '72989', '346726', '233753', '42335', '97305', '425465']"
11,101,2,8.806994831284461,9.78554981253829,25.0,"['345470', '468180']"
11,102,10,24.5926527667918,27.32516974087978,50.0,"['301504', '383204', '267735', '40454', '115209', '201687', '318102', '417306', '537920', '418397']"
11,103,5,19.018088786968324,21.131209763298138,25.0,"['527111', '499943', '506136', '89529', '151863']"
11,104,4,14.824449912476386,16.47161101386265,25.0,"['96862', '200374', '298162', '175977']"
11,105,3,22.547633957679913,25.052926619644346,50.0,"['78581', '436282', '74247']"
11,106,7,22.64497092399876,25.161078804443065,50.0,"['420097', '452846', '242598', '95159', '452253', '339433', '436427']"
11,107,4,26.027017455591775,28.91890828399086,50.0,"['249276', '284645', '173278', '447578']"
11,108,9,26.054946103043516,28.949940114492794,50.0,"['262816', '319626', '410593', '104860', '209412', '475046', '77240', '454310', '487621']"
11,109,13,39.390279380274244,43.7669770891936,50.0,"['64839', '493708', '264018', '152328', '424439', '18838', '67168', '235662', '391944', '365132', '298681', '420064', '230471']"
11,110,1,1.798058278592832,1.9978425317698134,25.0,['545696']
12,1,11,30.515352893039633,33.905947658932924,50.0,"['369055', '99499', '343990', '438056', '241758', '237735', '336050', '47959', '395429', '248221', '335542']"
12,2,13,40.34760443106678,44.830671590074196,50.0,"['320667', '173278', '267170', '151863', '69868', '261802', '72989', '103643', '277767', '502985', '464315', '547294', '489009']"
12,3,13,39.847544303621746,44.27504922624638,50.0,"['348481', '538937', '48221', '506220', '524444', '20621', '344492', '446024', '372134', '425185', '122061', '219636', '527111']"
12,4,6,28.011382025731123,31.123757806367912,50.0,"['319626', '142620', '510701', '494663', '319337', '527237']"
12,5,8,21.826787041784527,24.251985601982806,25.0,"['76849', '334183', '422231', '524907', '179644', '120305', '155119', '96010']"
12,6,12,29.211839836092334,32.45759981788037,50.0,"['180871', '67186', '415007', '160568', '326187', '144651', '305045', '26402', '263068', '329260', '324981', '486098']"
12,7,1,3.7657874395908117,4.184208266212013,25.0,['117120']
12,8,12,37.21102510665826,41.345583451842515,50.0,"['250934', '168910', '401027', '149516', '312335', '122601', '39960', '163213', '242598', '378673', '497858', '115968']"
12,9,10,26.960623092285367,29.956247880317072,50.0,"['343474', '300418', '136477', '67168', '21295', '63556', '203733', '392777', '124966', '392995']"
12,10,4,22.864474930415213,25.40497214490579,50.0,"['112300', '543603', '165026', '537920']"
12,11,5,16.378386305306503,18.198207005896112,25.0,"['325008', '155532', '468180', '61674', '75607']"
12,12,12,34.6016485699264,38.446276188807104,50.0,"['69842', '238210', '264018', '284247', '174570', '275091', '192312', '162090', '102922', '284091', '5296', '254810']"
12,13,10,32.96165970943092,36.62406634381213,50.0,"['381381', '524496', '491740', '202039', '404858', '203389', '516138', '289531', '486285', '454230']"
12,14,13,41.33624732239807,45.92916369155341,50.0,"['341670', '226419', '175523', '333827', '111501', '302838', '352319', '436517', '93799', '447938', '282048', '31427', '59912']"
12,15,4,13.683889345618452,15.204321495131612,25.0,"['526365', '386916', '233879', '270459']"
12,16,4,13.458288860668294,14.953654289631437,25.0,"['292117', '225298', '341963', '47840']"
12,17,6,18.656473663909047,20.729415182121162,25.0,"['461107', '92339', '163934', '249827', '312', '489422']"
12,18,3,11.783836434409206,13.093151593788006,25.0,"['403104', '544772', '472992']"
12,19,2,10.78197796241444,11.979975513793821,25.0,"['289058', '379782']"
12,20,10,25.242755753215775,28.047506392461973,50.0,"['233532', '69509', '233698', '2098', '493311', '56291', '104860', '144143', '391944', '208475']"
12,21,11,28.712519789214767,31.902799765794185,50.0,"['38407', '396629', '141246', '187566', '43092', '79390', '498854', '60725', '498546', '411339', '56167']"
12,22,5,21.41066777073852,23.78963085637613,25.0,"['40436', '202088', '373440', '279405', '216764']"
12,23,2,5.983341196859335,6.648156885399262,25.0,"['224398', '461295']"
12,24,11,28.61253239972675,31.791702666363054,50.0,"['57486', '190006', '225070', '304116', '543450', '156716', '75859', '309544', '414177', '242999', '503022']"
12,25,2,11.981414478707507,13.312682754119452,25.0,"['487621', '359302']"
12,26,8,18.9474240593672,21.05269339929689,25.0,"['330074', '404817', '473426', '241027', '349207', '184561', '162605', '507808']"
12,27,10,36.07673259749887,40.08525844166541,50.0,"['256426', '235662', '419752', '27287', '535774', '448971', '456950', '463762', '188110', '620']"
12,28,12,29.91867759906436,33.24297511007151,50.0,"['70024', '487751', '172572', '233753', '169460', '320013', '79849', '4916', '255345', '432318', '346823', '129763']"
12,29,13,35.57137991306998,39.52375545896665,50.0,"['114941', '259004', '131095', '186366', '160898', '126795', '241959', '131393', '77240', '238242', '432671', '465182', '106794']"
12,30,11,32.64005750075035,36.26673055638928,50.0,"['186924', '369049', '486178', '107460', '215510', '362268', '412017', '114719', '67009', '277908', '298681']"
12,31,1,5.221323843871038,5.801470937634487,25.0,['265551']
12,32,8,25.513287421197184,28.348097134663536,50.0,"['427800', '418397', '538593', '465186', '521372', '106564', '530378', '451978']"
12,33,1,2.553960469675717,2.837733855195241,25.0,['298162']
12,34,13,29.772237960264416,33.08026440029379,50.0,"['367483', '157218', '379880', '387140', '531460', '373657', '318055', '61379', '3612', '89529', '139272', '528850', '522556']"
12,35,8,18.37767142339058,20.419634914878422,25.0,"['192800', '223077', '283566', '20210', '196926', '907', '19670', '346726']"
12,36,13,31.459977118037898,34.95553013115322,50.0,"['35932', '213568', '50580', '381418', '513336', '179886', '153713', '152266', '476573', '262816', '173606', '405479', '473498']"
12,37,1,7.192680580806254,7.991867312006948,25.0,['412019']
12,38,2,11.297243233708066,12.55249248189785,25.0,"['40454', '175316']"
12,39,5,15.662867461099598,17.40318606788844,25.0,"['504397', '396742', '230471', '173050', '495378']"
12,40,1,4.804338354459404,5.338153727177115,25.0,['210595']
12,41,6,22.463564696664264,24.959516329626958,25.0,"['236160', '230501', '7292', '247213', '193900', '315517']"
12,42,4,14.268026083717706,15.853362315241895,25.0,"['40995', '229481', '111433', '42766']"
12,43,8,32.44331657081381,36.048129523126455,50.0,"['339433', '238996', '452253', '167202', '329123', '492549', '229548', '78581']"
12,44,8,26.911774783438595,29.90197198159844,50.0,"['174597', '509992', '201819', '212890', '197532', '488440', '111557', '188953']"
12,45,8,27.445101197373393,30.494556885970436,50.0,"['25615', '242516', '515041', '436458', '412293', '317423', '522245', '145405']"
12,46,8,22.545679142079383,25.050754602310423,50.0,"['513045', '97305', '209609', '28159', '302621', '228588', '101380', '388148']"
12,47,12,36.5275588009989,40.58617644555433,50.0,"['96862', '307573', '305432', '519092', '451461', '88759', '117115', '188246', '506136', '520838', '332159', '128310']"
12,48,12,38.267410098607456,42.519344554008285,50.0,"['370146', '226598', '241676', '376796', '275680', '534341', '372499', '682', '141350', '84873', '161861', '69737']"
12,49,2,4.8364284642614574,5.373809404734953,25.0,"['428936', '488510']"
12,50,7,29.288931253466632,32.54325694829626,50.0,"['533820', '213002', '357027', '524546', '253224', '44812', '269586']"
12,51,6,16.272811926599815,18.08090214066646,25.0,"['436427', '294527', '340776', '290676', '175687', '454310']"
12,52,9,20.83266525235495,23.147405835949943,25.0,"['521269', '496323', '151790', '239992', '499943', '280063', '401975', '437412', '159900']"
12,53,9,30.318446815954953,33.68716312883883,50.0,"['123278', '192389', '10740', '199812', '469666', '91480', '193407', '541219', '100023']"
12,54,8,25.99368516358685,28.881872403985387,50.0,"['504968', '446349', '526989', '202555', '274702', '120348', '446322', '454770']"
12,55,1,8.199939250499293,9.111043611665881,25.0,['142507']
12,56,4,14.08274140310025,15.647490447889167,25.0,"['343064', '183304', '170825', '263375']"
12,57,12,37.418496874563594,41.57610763840399,50.0,"['545696', '131226', '13050', '510593', '147319', '249276', '133636', '311107', '203949', '523081', '241331', '499731']"
12,58,10,25.287338645642475,28.097042939602748,50.0,"['159349', '349166', '524510', '370745', '372892', '121143', '478833', '49829', '259612', '6945']"
12,59,4,17.780631622062558,19.756257357847286,25.0,"['539605', '34928', '400528', '371852']"
12,60,9,22.646534082787063,25.16281564754118,50.0,"['173392', '293636', '217854', '127663', '424439', '544508', '483016', '47630', '209412']"
12,61,3,10.04865534285499,11.165172603172211,25.0,"['104562', '212021', '423568']"
12,62,13,26.20034536554661,29.111494850607343,50.0,"['364878', '531662', '329861', '216421', '450684', '391468', '248997', '515502', '487999', '350164', '337614', '346110', '42335']"
12,63,11,31.669703573860083,35.188559526511206,50.0,"['381087', '517258', '8083', '449181', '398312', '472629', '364735', '27832', '475046', '85660', '299045']"
12,64,1,2.232582200657083,2.480646889618981,25.0,['470251']
12,65,5,23.57092060087076,26.189911778745287,50.0,"['222350', '447578', '118013', '292090', '240492']"
12,66,8,24.09171131321967,26.768568125799632,50.0,"['327612', '303298', '119634', '330646', '323846', '240212', '391969', '321516']"
12,67,6,23.21809850188108,25.797887224312312,50.0,"['437803', '185819', '389346', '18626', '346824', '54697']"
12,68,8,28.61121878834499,31.7902430981611,50.0,"['201834', '176608', '450692', '483644', '397555', '327596', '546972', '199016']"
12,69,10,28.50445830376199,31.67162033751332,50.0,"['22158', '428747', '122651', '162004', '193154', '302815', '516545', '312422', '183875', '330258']"
12,70,5,15.995105919351548,17.77233991039061,25.0,"['172155', '15007', '402638', '389744', '125925']"
12,71,12,25.754495603708058,28.616106226342286,50.0,"['146446', '124544', '410593', '176607', '176384', '125128', '18838', '331771', '49559', '262502', '383865', '268292']"
12,72,12,42.65707204851772,47.396746720575244,50.0,"['68232', '279160', '386874', '257435', '528839', '194635', '547304', '87191', '384563', '215583', '500108', '279']"
12,73,6,22.95303326144774,25.503370290497486,50.0,"['114077', '57620', '263662', '89230', '301504', '104208']"
12,74,1,1.9976612922872945,2.2196236580969937,25.0,['517304']
12,75,1,9.011152025038866,10.012391138932074,25.0,['347246']
12,76,8,30.616982568140013,34.01886952015557,50.0,"['152328', '408279', '160500', '383693', '464312', '434738', '431957', '291601']"
12,77,13,30.28111360162676,33.64568177958529,50.0,"['454110', '142225', '429888', '541265', '425465', '52377', '44738', '420064', '136784', '200098', '409483', '137501', '441278']"
12,78,5,13.301997091848003,14.779996768720004,25.0,"['261325', '184427', '32222', '345470', '436282']"
12,79,3,9.131563563035229,10.14618173670581,25.0,"['381122', '66449', '206494']"
12,80,13,41.06379035883208,45.62643373203564,50.0,"['287709', '200374', '368041', '471083', '432616', '491749', '342684', '234094', '299354', '275286', '74247', '318102', '269943']"
12,81,12,41.267396189182065,45.852662432424516,50.0,"['440204', '417306', '530550', '411518', '199657', '358737', '219611', '6545', '93768', '385476', '31382', '391979']"
12,82,2,8.275037426450076,9.194486029388974,25.0,"['228624', '196305']"
12,83,8,29.74870693350873,33.054118815009694,50.0,"['428666', '452846', '506224', '359627', '180949', '284645', '160880', '361607']"
12,84,1,6.7504086296414645,7.50045403293496,25.0,['265588']
12,85,1,4.4259124057760335,4.917680450862259,25.0,['175977']
12,86,10,25.585932308593513,28.428813676215015,50.0,"['215656', '30686', '256260', '420097', '163371', '237120', '541074', '124562', '543373', '147115']"
12,87,7,23.550890690449922,26.167656322722134,50.0,"['95555', '374743', '51960', '494604', '414301', '482395', '302088']"
12,88,7,20.462587802094088,22.73620866899343,25.0,"['361089', '35073', '244264', '31965', '59425', '337903', '500895']"
12,89,6,20.348382704651456,22.609314116279396,25.0,"['523530', '111132', '97799', '91397', '153002', '35191']"
12,90,4,17.615838039814737,19.57315337757193,25.0,"['267735', '338070', '214106', '385325']"
12,91,9,28.98177987214935,32.2019776357215,50.0,"['60197', '300631', '507777', '396589', '325789', '422424', '411121', '467636', '434494']"
12,92,8,22.4863867991681,24.984874221297886,25.0,"['545763', '547937', '201687', '81741', '459665', '439854', '500428', '77868']"
12,93,9,28.267211089308482,31.408012321453867,50.0,"['262350', '69626', '295670', '407841', '301874', '303622', '485700', '188487', '520487']"
12,94,5,21.08709033031677,23.430100367018632,25.0,"['217704', '16760', '159311', '115209', '316051']"
12,95,12,32.54502625543247,36.16114028381385,50.0,"['361750', '543210', '272937', '451771', '100763', '239985', '213027', '227517', '21595', '95159', '513516', '404444']"
12,96,13,29.611613099479406,32.901792332754894,50.0,"['304201', '485566', '282801', '267376', '537424', '77324', '129766', '237962', '327131', '15089', '517144', '421285', '512375']"
12,97,8,24.70915555387748,27.454617282086087,50.0,"['505847', '53693', '201928', '254623', '284293', '119842', '525441', '514303']"
12,98,10,29.28131864567451,32.5347984951939,50.0,"['323278', '453474', '140441', '33973', '459186', '392818', '371047', '139404', '482358', '97512']"
12,99,3,14.368308740913115,15.964787489903461,25.0,"['248626', '316619', '314471']"
12,100,7,23.7888150500436,26.432016722270664,50.0,"['232939', '452422', '126829', '68863', '493708', '95544', '365132']"
12,101,13,40.07160834415529,44.52400927128365,50.0,"['33761', '55949', '436627', '249134', '341616', '110117', '330101', '469041', '519534', '377381', '292676', '130380', '451476']"
12,102,4,21.18210519163412,23.53567243514902,25.0,"['487709', '417114', '531771', '356235']"
12,103,5,22.58137523224394,25.090416924715488,50.0,"['492245', '64839', '449778', '109561', '32833']"
12,104,4,30.39949545857086,33.77721717618984,50.0,"['389848', '273801', '352165', '191154']"
12,105,5,25.39311547631547,28.21457275146163,50.0,"['407592', '315490', '224866', '516263', '383204']"
13,1,1,10.205203282760689,11.339114758622987,25.0,['467636']
13,2,11,29.275224326770243,32.52802702974471,50.0,"['186366', '202088', '330074', '336050', '448971', '201819', '401027', '104562', '309544', '454230', '521372']"
13,3,5,19.283552434574936,21.42616937174993,25.0,"['381418', '370745', '408279', '212021', '240212']"
13,4,8,21.79826681707313,24.220296463414588,25.0,"['334183', '254810', '144143', '531771', '298162', '370146', '165026', '93799']"
13,5,3,22.733109970147684,25.25901107794187,50.0,"['232939', '321516', '489009']"
13,6,6,22.04734893431067,24.497054371456297,25.0,"['392818', '323278', '299045', '418397', '412019', '170825']"
13,7,5,19.80756116512686,22.0084012945854,25.0,"['3612', '173392', '124544', '372892', '428747']"
13,8,12,33.989840283649585,37.76648920405509,50.0,"['99499', '387140', '193154', '432616', '238210', '199657', '323846', '217704', '214106', '524496', '142507', '545763']"
13,9,7,23.042174660242672,25.602416289158523,50.0,"['31382', '160500', '200098', '95544', '77868', '463762', '520838']"
13,10,2,13.667942359251194,15.186602621390215,25.0,"['160568', '70024']"
13,11,9,26.08490915485679,28.98323239428532,50.0,"['489422', '391969', '454110', '89230', '38407', '104208', '469666', '359302', '34928']"
13,12,5,21.127297527122384,23.47477503013598,25.0,"['176384', '421285', '203389', '173278', '6945']"
13,13,8,33.86734336455886,37.63038151617651,50.0,"['249276', '237735', '376796', '315517', '392995', '95159', '469041', '236160']"
13,14,13,32.66652988812621,36.296144320140236,50.0,"['188246', '126829', '126795', '274702', '541219', '208475', '228588', '40454', '206494', '147115', '279405', '68232', '79849']"
13,15,3,16.304557736315193,18.116175262572437,25.0,"['388148', '537424', '176608']"
13,16,11,28.07777244782274,31.197524942025264,50.0,"['350164', '298681', '102922', '476573', '280063', '303298', '275091', '464315', '210595', '528839', '436427']"
13,17,5,19.385367951014945,21.53929772334994,25.0,"['377381', '39960', '275286', '227517', '400528']"
13,18,9,35.55984779783006,39.51094199758895,50.0,"['339433', '162090', '503022', '44812', '512375', '97305', '101380', '87191', '242598']"
13,19,7,23.744734766929714,26.383038629921902,50.0,"['379880', '203949', '358737', '27832', '411339', '485566', '369055']"
13,20,6,19.80669451615358,22.007438351281756,25.0,"['270459', '423568', '302838', '122651', '361750', '543450']"
13,21,7,21.066005350036267,23.406672611151407,25.0,"['419752', '109561', '337903', '13050', '241331', '35191', '57620']"
13,22,2,9.820316785006941,10.911463094452158,25.0,"['235662', '432671']"
13,23,8,29.961532651815094,33.29059183535011,50.0,"['497858', '493708', '95555', '547304', '18626', '538593', '67168', '188110']"
13,24,5,21.39006686245416,23.766740958282398,25.0,"['362268', '147319', '343990', '327596', '230471']"
13,25,10,27.783735756811517,30.87081750756835,50.0,"['77324', '493311', '365132', '471083', '491740', '414177', '317423', '217854', '69868', '61674']"
13,26,12,34.577741901390375,38.41971322376708,50.0,"['263662', '180949', '129763', '385476', '163934', '305432', '20210', '498854', '506224', '7292', '47630', '234094']"
13,27,13,34.372679469364705,38.19186607707189,50.0,"['307573', '496323', '269586', '374743', '233532', '312335', '470251', '437803', '262350', '539605', '187566', '76849', '371852']"
13,28,7,31.045625923032883,34.49513991448098,50.0,"['524444', '193900', '389848', '389744', '487709', '237962', '465182']"
13,29,10,26.90514753896514,29.894608376627932,50.0,"['302815', '56167', '385325', '155119', '223077', '386874', '238242', '67009', '287709', '199812']"
13,30,4,12.900214226038765,14.333571362265294,25.0,"['331771', '248997', '265588', '259004']"
13,31,5,14.581201981741483,16.201335535268313,25.0,"['293636', '209609', '420064', '32222', '300631']"
13,32,3,9.972814792947617,11.080905325497351,25.0,"['451461', '299354', '81741']"
13,33,8,24.4915090444124,27.212787827124888,50.0,"['5296', '522556', '543373', '222350', '191154', '449181', '450692', '516138']"
13,34,12,30.526105544172875,33.91789504908097,50.0,"['410593', '153002', '483644', '516263', '513516', '397555', '907', '427800', '356235', '475046', '196926', '436627']"
13,35,11,26.129907631576767,29.03323070175196,50.0,"['337614', '346110', '56291', '498546', '411518', '100763', '219611', '547294', '176607', '343064', '264018']"
13,36,11,29.212486888907133,32.45831876545237,50.0,"['289531', '369049', '256260', '152266', '422424', '269943', '27287', '114941', '142225', '216764', '312']"
13,37,8,21.6466898613224,24.051877623691556,25.0,"['216421', '163371', '459665', '69509', '21595', '473498', '422231', '524907']"
13,38,9,30.823950146905297,34.24883349656144,50.0,"['516545', '242999', '136477', '533820', '124966', '43092', '541265', '163213', '241959']"
13,39,5,20.969195638485804,23.299106264984225,25.0,"['249827', '172572', '242516', '483016', '434738']"
13,40,5,13.897771458239859,15.441968286933177,25.0,"['327131', '482358', '452422', '372499', '25615']"
13,41,1,7.33731683290423,8.152574258782478,25.0,['404817']
13,42,10,33.65387621143289,37.39319579048099,50.0,"['233698', '31427', '263375', '346726', '447938', '64839', '250934', '131393', '233753', '364878']"
13,43,6,35.69763878829762,39.664043098108465,50.0,"['4916', '142620', '352165', '526989', '59425', '404444']"
13,44,5,21.896043399355896,24.32893711039544,25.0,"['277767', '275680', '151790', '494604', '75859']"
13,45,6,22.337748795432738,24.819720883814153,25.0,"['451476', '77240', '488440', '522245', '30686', '114077']"
13,46,6,16.086010464400797,17.87334496044533,25.0,"['172155', '502985', '202555', '509992', '153713', '404858']"
13,47,12,26.097837355638298,28.99759706182033,50.0,"['121143', '149516', '42335', '26402', '180871', '302621', '485700', '225070', '226419', '279', '325008', '524546']"
13,48,10,31.048028155778756,34.4978090619764,50.0,"['505847', '510593', '326187', '125925', '97799', '327612', '491749', '284645', '119634', '468180']"
13,49,10,33.51007507168992,37.23341674632213,50.0,"['515502', '383693', '55949', '314471', '425185', '417306', '494663', '530378', '530550', '349166']"
13,50,2,12.486245547407977,13.87360616378664,25.0,"['254623', '432318']"
13,51,9,27.75903181130328,30.84336867922587,50.0,"['272937', '249134', '241027', '446024', '174570', '517144', '193407', '225298', '461107']"
13,52,2,9.356209099128971,10.39578788792108,25.0,"['201834', '383865']"
13,53,13,42.42579009209976,47.139766768999735,50.0,"['452253', '162605', '412017', '379782', '440204', '520487', '184561', '499731', '84873', '89529', '247213', '357027', '75607']"
13,54,5,16.904782277834414,18.783091419816014,25.0,"['40995', '238996', '524510', '341963', '201687']"
13,55,13,33.8365999603549,37.59622217817211,50.0,"['267170', '383204', '292090', '140441', '40436', '456950', '543603', '111557', '213568', '267376', '500428', '451771', '513045']"
13,56,11,29.455514218929,32.728349132143336,50.0,"['257435', '333827', '15089', '230501', '487621', '212890', '407592', '100023', '179644', '277908', '157218']"
13,57,12,36.820194745696675,40.91132749521853,50.0,"['151863', '316619', '535774', '300418', '332159', '451978', '381381', '338070', '53693', '97512', '69737', '538937']"
13,58,13,38.062691458831914,42.29187939870213,50.0,"['91480', '111132', '537920', '486178', '507808', '504397', '330258', '74247', '499943', '173606', '57486', '190006', '401975']"
13,59,3,9.712621128606362,10.791801254007067,25.0,"['155532', '169460', '33973']"
13,60,9,30.08783061825851,33.430922909176125,50.0,"['129766', '114719', '500895', '146446', '183875', '196305', '130380', '436282', '120348']"
13,61,1,8.527202215297203,9.474669128108003,25.0,['284293']
13,62,7,28.670116185424842,31.855684650472046,50.0,"['429888', '224398', '292117', '141350', '519092', '8083', '304116']"
13,63,3,15.769686631725854,17.52187403525095,25.0,"['162004', '424439', '349207']"
13,64,11,22.669506224970362,25.18834024996707,50.0,"['514303', '465186', '311107', '117115', '305045', '219636', '486285', '405479', '159900', '28159', '120305']"
13,65,1,0.6421737841773882,0.7135264268637647,25.0,['318055']
13,66,10,30.231533302930206,33.59059255881134,50.0,"['262502', '345470', '228624', '319626', '371047', '255345', '139404', '368041', '284247', '123278']"
13,67,12,51.41487843798079,57.12764270886754,75.0,"['159311', '213002', '229481', '391979', '343474', '325789', '47959', '414301', '544772', '104860', '487999', '51960']"
13,68,1,4.354528818335528,4.838365353706142,25.0,['20621']
13,69,7,24.69116554475805,27.4346283830645,50.0,"['415007', '473426', '525441', '49559', '160898', '320667', '112300']"
13,70,8,30.574796879873556,33.971996533192836,50.0,"['453474', '454770', '436517', '159349', '59912', '93768', '244264', '202039']"
13,71,13,32.17703120406768,35.752256893408536,50.0,"['183304', '407841', '106564', '486098', '226598', '192800', '139272', '391468', '127663', '682', '122061', '197532', '437412']"
13,72,12,40.15340679478642,44.61489643865158,50.0,"['395429', '67186', '318102', '119842', '510701', '446322', '464312', '188953', '527237', '31965', '461295', '447578']"
13,73,9,36.474297249197114,40.52699694355235,50.0,"['21295', '449778', '125128', '115968', '215583', '392777', '340776', '513336', '361089']"
13,74,1,4.642165077538739,5.157961197265266,25.0,['301874']
13,75,5,20.599280073420815,22.88808897046757,25.0,"['167202', '402638', '215510', '487751', '128310']"
13,76,10,25.59215121236325,28.435723569292502,50.0,"['209412', '88759', '268292', '33761', '2098', '233879', '330646', '69626', '61379', '15007']"
13,77,5,15.847251594632692,17.608057327369657,25.0,"['160880', '391944', '425465', '478833', '91397']"
13,78,12,32.004397534191334,35.56044170465704,50.0,"['329260', '396742', '381122', '523081', '185819', '482395', '173050', '459186', '438056', '373440', '541074', '32833']"
13,79,2,7.1870342840118635,7.9855936489020705,25.0,"['240492', '145405']"
13,80,4,16.280471757352757,18.089413063725285,25.0,"['69842', '111501', '279160', '517258']"
13,81,4,15.135604364586763,16.81733818287418,25.0,"['543210', '267735', '66449', '506136']"
13,82,13,32.0304729953229,35.58941443924767,50.0,"['324981', '381087', '200374', '133636', '175316', '620', '409483', '85660', '526365', '439854', '335542', '312422', '361607']"
13,83,5,23.153046022818884,25.725606692020982,50.0,"['96862', '262816', '454310', '136784', '507777']"
13,84,5,21.747213778395707,24.163570864884118,25.0,"['78581', '329123', '544508', '320013', '301504']"
13,85,7,15.676775416843412,17.418639352048235,25.0,"['398312', '117120', '215656', '263068', '329861', '237120', '186924']"
13,86,5,18.911495997333624,21.012773330370692,25.0,"['48221', '79390', '547937', '428666', '50580']"
13,87,10,23.96385765450016,26.626508505000178,50.0,"['420097', '265551', '54697', '289058', '194635', '68863', '330101', '319337', '344492', '184427']"
13,88,6,29.26359044547425,32.515100494971385,50.0,"['534341', '199016', '492245', '201928', '472629', '35932']"
13,89,7,15.78227022919799,17.53585581021999,25.0,"['6545', '239992', '111433', '441278', '63556', '315490', '52377']"
13,90,13,37.64141413023148,41.82379347803498,50.0,"['107460', '346824', '175977', '519534', '283566', '131095', '495378', '452846', '412293', '19670', '261802', '256426', '472992']"
13,91,5,17.335759832078427,19.26195536897603,25.0,"['229548', '341616', '302088', '192312', '295670']"
13,92,11,33.15867773441716,36.84297526046351,50.0,"['103643', '488510', '179886', '282048', '259612', '348481', '396589', '124562', '434494', '384563', '141246']"
13,93,3,17.859760248866138,19.844178054295707,25.0,"['253224', '22158', '492549']"
13,94,1,8.147569754536303,9.052855282818113,25.0,['403104']
13,95,10,44.70989216500205,49.67765796111339,50.0,"['224866', '241676', '273801', '175687', '347246', '431957', '47840', '389346', '546972', '386916']"
13,96,13,31.376190661804642,34.862434068671824,50.0,"['316051', '156716', '192389', '18838', '122601', '531662', '304201', '44738', '10740', '248626', '517304', '515041', '261325']"
13,97,10,32.39301614281688,35.992240158685426,50.0,"['500108', '303622', '545696', '16760', '341670', '175523', '282801', '168910', '411121', '241758']"
13,98,2,11.236192464513163,12.484658293903514,25.0,"['528850', '523530']"
13,99,2,5.5534030264298035,6.170447807144226,25.0,"['42766', '131226']"
13,100,4,15.547141789040072,17.2746019878223,25.0,"['49829', '436458', '372134', '527111']"
13,101,13,31.171810589621572,34.635345099579524,50.0,"['72989', '364735', '531460', '373657', '161861', '248221', '60725', '521269', '352319', '367483', '144651', '60197', '174597']"
13,102,2,9.803576738398114,10.89286304266457,25.0,"['284091', '137501']"
13,103,3,12.095116621947689,13.439018468830765,25.0,"['92339', '213027', '504968']"
13,104,4,12.525444969511039,13.917161077234487,25.0,"['239985', '346823', '115209', '106794']"
13,105,3,11.51682983936487,12.7964775992943,25.0,"['35073', '96010', '342684']"
13,106,8,28.226211369664206,31.362457077404674,50.0,"['359627', '203733', '417114', '152328', '294527', '292676', '428936', '378673']"
13,107,5,14.4285999454803,16.031777717200335,25.0,"['291601', '110117', '290676', '450684', '506220']"
13,108,4,19.754459291322938,21.949399212581042,25.0,"['396629', '446349', '188487', '118013']"
14,1,12,27.578934575005242,30.643260638894713,50.0,"['287709', '389848', '339433', '531460', '193407', '169460', '343474', '318055', '241027', '99499', '346110', '415007']"
14,2,6,24.41534398409874,27.128159982331933,50.0,"['122061', '162605', '255345', '345470', '343064', '87191']"
14,3,1,10.392272338027391,11.546969264474878,25.0,['425185']
14,4,2,10.368431341989549,11.520479268877276,25.0,"['298162', '465186']"
14,5,12,31.216067256587632,34.68451917398626,50.0,"['402638', '201928', '53693', '346824', '172572', '115968', '407592', '234094', '475046', '254810', '487621', '459665']"
14,6,2,14.997999894086906,16.664444326763228,25.0,"['450692', '499943']"
14,7,10,27.545749044253014,30.606387826947792,50.0,"['461295', '97512', '27832', '454110', '35932', '162004', '225070', '259004', '378673', '334183']"
14,8,7,19.04940720934918,21.166008010387976,25.0,"['547937', '361089', '203733', '160880', '31965', '478833', '264018']"
14,9,10,27.179178811604526,30.19908756844947,50.0,"['372499', '28159', '425465', '96010', '57486', '340776', '141246', '447938', '175977', '302088']"
14,10,3,14.89760387406718,16.55289319340798,25.0,"['383865', '521269', '302621']"
14,11,9,24.593573158441625,27.32619239826847,50.0,"['184427', '74247', '323278', '7292', '436517', '503022', '56291', '179644', '304201']"
14,12,12,31.792354264415778,35.32483807157308,50.0,"['35073', '165026', '539605', '147319', '130380', '191154', '213027', '487709', '219611', '370745', '114077', '13050']"
14,13,5,17.3286027134603,19.254003014955888,25.0,"['67186', '109561', '452422', '229548', '498546']"
14,14,4,18.179450879711784,20.199389866346426,25.0,"['133636', '446349', '417306', '523530']"
14,15,9,18.098082534744698,20.108980594160776,25.0,"['364878', '509992', '346726', '153713', '303298', '385476', '483016', '513336', '522245']"
14,16,13,39.98538631216155,44.42820701351283,50.0,"['196305', '122651', '514303', '69626', '228588', '476573', '128310', '420064', '192389', '250934', '541074', '331771', '493708']"
14,17,10,39.14810200118546,43.497891112428285,50.0,"['496323', '47959', '519092', '500108', '49559', '244264', '409483', '214106', '77868', '320013']"
14,18,1,2.668447868415382,2.964942076017091,25.0,['155532']
14,19,12,31.751555694034572,35.27950632670508,50.0,"['330074', '49829', '199657', '544508', '506224', '520838', '129763', '517144', '300418', '341963', '249276', '404444']"
14,20,8,32.03795069728442,35.59772299698269,50.0,"['274702', '254623', '535774', '504968', '447578', '240492', '279160', '388148']"
14,21,7,25.59605263363996,28.440058481822177,50.0,"['16760', '417114', '275286', '414177', '367483', '513516', '217704']"
14,22,9,38.52837180864081,42.809302009600906,50.0,"['431957', '20621', '332159', '352165', '292676', '451978', '528850', '216764', '429888']"
14,23,9,30.652929964212976,34.05881107134775,50.0,"['545696', '229481', '304116', '114719', '91480', '209609', '111433', '321516', '341670']"
14,24,4,19.772577938566933,21.969531042852147,25.0,"['241676', '412019', '376796', '491749']"
14,25,5,20.8468508894206,23.163167654911778,25.0,"['389346', '449778', '190006', '81741', '6545']"
14,26,13,34.67030994390711,38.52256660434123,50.0,"['397555', '295670', '504397', '483644', '349166', '408279', '57620', '338070', '15007', '159349', '506136', '410593', '217854']"
14,27,11,33.093105531261784,36.77011725695754,50.0,"['160568', '237735', '247213', '253224', '111501', '507808', '60725', '162090', '8083', '95159', '275680']"
14,28,3,10.087131444269152,11.207923826965725,25.0,"['469666', '452253', '432671']"
14,29,9,25.480335697008286,28.311484107786985,50.0,"['456950', '279405', '233753', '147115', '275091', '401975', '269586', '215510', '238242']"
14,30,9,27.730458235796945,30.811620261996605,50.0,"['403104', '522556', '22158', '117115', '208475', '111132', '314471', '127663', '330101']"
14,31,3,13.06867430690816,14.520749229897955,25.0,"['282801', '263375', '463762']"
14,32,6,19.752053847005378,21.946726496672643,25.0,"['454310', '547304', '233698', '240212', '238996', '471083']"
14,33,10,35.72018266304344,39.68909184782604,50.0,"['434738', '369049', '524496', '516545', '324981', '437412', '523081', '452846', '261802', '513045']"
14,34,11,30.846297011327096,34.273663345919,50.0,"['40454', '448971', '359302', '88759', '379880', '527111', '400528', '262350', '386916', '329861', '118013']"
14,35,4,21.18536400044779,23.53929333383088,25.0,"['541219', '31427', '472629', '238210']"
14,36,7,21.7577078313583,24.175230923731444,25.0,"['323846', '485700', '521372', '420097', '282048', '136477', '161861']"
14,37,12,29.135980060677795,32.373311178530884,50.0,"['451461', '487999', '434494', '119634', '404817', '292090', '63556', '18626', '371047', '309544', '315490', '526989']"
14,38,9,27.31111436269127,30.345682625212522,50.0,"['277908', '369055', '136784', '56167', '270459', '330646', '299045', '489009', '95555']"
14,39,11,30.31004077061874,33.677823078465266,50.0,"['230501', '202088', '356235', '427800', '35191', '422231', '21295', '212021', '106794', '267170', '519534']"
14,40,11,26.279022626379092,29.198914029310103,50.0,"['385325', '468180', '349207', '155119', '142620', '77324', '387140', '237120', '488440', '157218', '510701']"
14,41,4,15.957679313278467,17.73075479253163,25.0,"['494663', '30686', '228624', '183304']"
14,42,13,40.94201946560571,45.4911327395619,50.0,"['545763', '419752', '215583', '265551', '212890', '176384', '538593', '47840', '160898', '121143', '192312', '365132', '517258']"
14,43,4,13.503321886977638,15.003690985530708,25.0,"['192800', '43092', '302815', '33973']"
14,44,3,9.36493584520835,10.405484272453723,25.0,"['173392', '449181', '421285']"
14,45,2,4.157129541806235,4.61903282422915,25.0,"['209412', '153002']"
14,46,7,19.322825101716962,21.469805668574402,25.0,"['97305', '59425', '411121', '104860', '79849', '492549', '312422']"
14,47,6,18.967296010217087,21.074773344685653,25.0,"['19670', '137501', '42766', '424439', '67168', '277767']"
14,48,13,28.876194319534946,32.08466035503883,50.0,"['55949', '92339', '89529', '52377', '101380', '326187', '21595', '199812', '454770', '325008', '54697', '493311', '256260']"
14,49,2,16.220949885348098,18.023277650386774,25.0,"['131095', '230471']"
14,50,13,41.99229753048892,46.65810836720991,50.0,"['372892', '242598', '492245', '34928', '307573', '305432', '241959', '232939', '110117', '106564', '446322', '359627', '423568']"
14,51,9,21.58589061620635,23.984322906895944,25.0,"['174570', '401027', '412017', '373657', '120348', '512375', '299354', '293636', '263068']"
14,52,4,18.725223019241177,20.80580335471242,25.0,"['216421', '450684', '298681', '441278']"
14,53,5,24.26680169296626,26.963112992184733,50.0,"['316619', '188487', '489422', '459186', '337614']"
14,54,4,20.565861239512373,22.850956932791526,25.0,"['167202', '533820', '302838', '515502']"
14,55,7,22.32330162220419,24.803668469115767,25.0,"['241331', '267735', '284645', '38407', '77240', '239992', '381087']"
14,56,6,19.50768043744879,21.675200486054212,25.0,"['15089', '248221', '527237', '311107', '202039', '100023']"
14,57,4,21.05944726224135,23.39938584693483,25.0,"['485566', '273801', '163934', '531771']"
14,58,5,19.627897389453466,21.808774877170517,25.0,"['163371', '201819', '374743', '91397', '303622']"
14,59,11,25.763129653499316,28.625699614999238,50.0,"['104562', '383693', '525441', '486285', '119842', '27287', '392995', '422424', '159311', '488510', '117120']"
14,60,13,31.932701233817546,35.48077914868616,50.0,"['173278', '461107', '261325', '405479', '120305', '301504', '174597', '381122', '320667', '269943', '272937', '543450', '201687']"
14,61,3,20.850295946517424,23.166995496130472,25.0,"['44812', '152328', '418397']"
14,62,5,18.44196585097592,20.491073167751022,25.0,"['289058', '392818', '319337', '396742', '515041']"
14,63,3,13.695252962395418,15.216947735994909,25.0,"['124966', '392777', '50580']"
14,64,13,33.77390672629814,37.52656302922015,50.0,"['156716', '122601', '42335', '428747', '283566', '197532', '389744', '543210', '505847', '473426', '10740', '472992', '546972']"
14,65,6,15.425148865807149,17.139054295341275,25.0,"['335542', '327596', '383204', '312', '170825', '114941']"
14,66,6,18.796272422108395,20.884747135675994,25.0,"['67009', '316051', '112300', '44738', '31382', '620']"
14,67,12,39.72688520194573,44.140983557717476,50.0,"['510593', '507777', '64839', '203949', '312335', '497858', '487751', '193900', '315517', '70024', '500428', '173606']"
14,68,4,26.94336853722615,29.937076152473498,50.0,"['534341', '451476', '530550', '516138']"
14,69,13,32.47036180270673,36.07817978078525,50.0,"['69737', '235662', '227517', '95544', '144143', '224398', '61379', '526365', '26402', '124562', '543373', '175523', '438056']"
14,70,8,20.472370575478962,22.747078417198846,25.0,"['68232', '347246', '175687', '69868', '172155', '350164', '352319', '436427']"
14,71,8,28.148257320479388,31.27584146719932,50.0,"['48221', '213002', '327131', '454230', '233532', '184561', '185819', '183875']"
14,72,4,14.104916206998,15.672129118886666,25.0,"['337903', '372134', '241758', '32222']"
14,73,10,25.066380749176645,27.851534165751826,50.0,"['248997', '294527', '200374', '543603', '76849', '126829', '319626', '524444', '125128', '537424']"
14,74,13,32.68281138995551,36.314234877728346,50.0,"['290676', '404858', '257435', '160500', '47630', '358737', '236160', '175316', '144651', '531662', '537920', '51960', '407841']"
14,75,5,14.052410419586648,15.613789355096275,25.0,"['336050', '506220', '139272', '203389', '206494']"
14,76,12,28.37704457221631,31.530049524684788,50.0,"['131226', '225298', '396589', '215656', '188953', '163213', '3612', '180871', '305045', '396629', '259612', '437803']"
14,77,7,21.088698563791553,23.431887293101724,25.0,"['61674', '289531', '284247', '329260', '502985', '491740', '344492']"
14,78,3,20.786001296154552,23.09555699572728,25.0,"['103643', '123278', '528839']"
14,79,12,38.12461708364012,42.36068564848902,50.0,"['907', '373440', '151790', '333827', '239985', '541265', '193154', '446024', '180949', '465182', '262816', '267376']"
14,80,7,19.711936279964377,21.90215142218264,25.0,"['68863', '202555', '6945', '237962', '75607', '4916', '226598']"
14,81,8,26.228127617225464,29.142364019139404,50.0,"['381418', '124544', '32833', '453474', '381381', '343990', '391969', '69842']"
14,82,9,36.24281991163961,40.269799901821784,50.0,"['384563', '467636', '107460', '411339', '69509', '104208', '486178', '145405', '439854']"
14,83,10,46.04370840804358,51.15967600893731,75.0,"['5296', '440204', '538937', '97799', '213568', '451771', '432318', '520487', '223077', '33761']"
14,84,5,16.361119457949826,18.17902161994425,25.0,"['361750', '325789', '168910', '291601', '75859']"
14,85,13,31.338247015896517,34.82027446210724,50.0,"['428936', '25615', '188246', '499731', '362268', '284293', '102922', '129766', '142507', '140441', '200098', '265588', '300631']"
14,86,3,16.25435525845102,18.060394731612245,25.0,"['59912', '126795', '682']"
14,87,12,36.83205325169122,40.92450361299024,50.0,"['516263', '40436', '436458', '233879', '473498', '414301', '377381', '398312', '20210', '152266', '196926', '292117']"
14,88,9,21.876024550636053,24.30669394515117,25.0,"['194635', '186924', '379782', '395429', '342684', '386874', '226419', '469041', '72989']"
14,89,8,26.551104238758846,29.50122693195427,50.0,"['547294', '391944', '357027', '248626', '370146', '544772', '39960', '242999']"
14,90,1,1.7545887891647642,1.9495430990719602,25.0,['524510']
14,91,11,28.31441534073887,31.460461489709854,50.0,"['2098', '78581', '412293', '131393', '210595', '464312', '79390', '219636', '85660', '279', '84873']"
14,92,2,2.8200109821118433,3.1333455356798257,25.0,"['179886', '249134']"
14,93,5,16.23963115537072,18.044034617078577,25.0,"['249827', '494604', '159900', '524907', '151863']"
14,94,12,27.918157777604048,31.02017530844894,50.0,"['348481', '187566', '284091', '60197', '482358', '40995', '391468', '317423', '139404', '262502', '93799', '464315']"
14,95,7,22.22727989161602,24.696977657351134,25.0,"['222350', '263662', '341616', '498854', '318102', '361607', '411518']"
14,96,8,24.28069958210747,26.978555091230522,50.0,"['146446', '346823', '142225', '96862', '256426', '327612', '530378', '176607']"
14,97,8,28.943871441776174,32.15985715752908,50.0,"['428666', '280063', '330258', '100763', '18838', '329123', '224866', '470251']"
14,98,6,21.200318475174328,23.555909416860363,25.0,"['188110', '111557', '199016', '141350', '371852', '486098']"
14,99,1,4.728010530670366,5.253345034078184,25.0,['149516']
14,100,13,29.904596403898143,33.2273293376646,50.0,"['173050', '115209', '436627', '517304', '268292', '436282', '89230', '368041', '201834', '125925', '500895', '242516', '391979']"
14,101,10,29.7699478614278,33.07771984603089,50.0,"['495378', '432616', '176608', '301874', '364735', '93768', '186366', '66449', '524546', '482395']"
15,1,13,39.56620070294365,43.96244522549294,50.0,"['165026', '530378', '151863', '434738', '57486', '361750', '229481', '188110', '533820', '337614', '321516', '249827', '335542']"
15,2,5,18.331310793463704,20.36812310384856,25.0,"['317423', '327131', '233879', '300631', '75607']"
15,3,12,37.36873126189622,41.520812513218026,50.0,"['193900', '142225', '356235', '203949', '70024', '333827', '77868', '122061', '261802', '392777', '269943', '69737']"
15,4,13,31.206846652023255,34.674274057803615,50.0,"['35191', '410593', '239985', '396629', '494663', '111557', '456950', '391969', '119842', '114719', '346824', '139272', '537920']"
15,5,11,33.95060684863717,37.722896498485746,50.0,"['295670', '200098', '423568', '450692', '75859', '307573', '15089', '405479', '486178', '238996', '173392']"
15,6,13,36.73875053919269,40.820833932436315,50.0,"['364878', '428936', '68232', '146446', '447578', '459665', '190006', '303298', '235662', '26402', '106564', '42335', '337903']"
15,7,6,20.972899536186084,23.303221706873426,25.0,"['531662', '275286', '387140', '93768', '412019', '448971']"
15,8,8,24.66825442653764,27.409171585041822,50.0,"['519092', '161861', '239992', '437803', '111132', '452253', '492245', '505847']"
15,9,1,4.949372112826717,5.499302347585242,25.0,['69626']
15,10,12,26.190912138471063,29.10101348719007,50.0,"['140441', '126829', '510701', '422424', '503022', '226598', '170825', '60725', '74247', '524444', '216764', '104562']"
15,11,8,26.388901482605725,29.321001647339692,50.0,"['242598', '454230', '514303', '261325', '538593', '97305', '99499', '436427']"
15,12,6,19.7471663536033,21.94129594844811,25.0,"['3612', '72989', '428666', '136784', '112300', '302621']"
15,13,2,4.626249868600054,5.140277631777837,25.0,"['488510', '376796']"
15,14,3,11.816193899268004,13.129104332520004,25.0,"['504968', '395429', '263375']"
15,15,7,20.78224777916386,23.091386421293176,25.0,"['451476', '301874', '54697', '545763', '141246', '496323', '476573']"
15,16,11,32.253037568053486,35.83670840894832,50.0,"['277767', '377381', '446322', '520838', '43092', '93799', '464315', '120305', '367483', '69842', '38407']"
15,17,1,6.639005069944528,7.376672299938365,25.0,['121143']
15,18,8,23.885687748321025,26.539653053690028,50.0,"['487709', '208475', '397555', '408279', '419752', '200374', '15007', '368041']"
15,19,6,16.71344553882665,18.570495043140724,25.0,"['163371', '47840', '418397', '417114', '76849', '247213']"
15,20,11,42.83067870368817,47.589643004097965,50.0,"['152328', '13050', '465186', '470251', '534341', '472629', '517258', '151790', '130380', '494604', '473426']"
15,21,1,1.6906992123482527,1.8785546803869475,25.0,['91397']
15,22,12,26.812394916553327,29.791549907281475,50.0,"['620', '180871', '282048', '454110', '21595', '402638', '92339', '517304', '279405', '451978', '40995', '56291']"
15,23,7,23.05899352644786,25.6211039182754,50.0,"['384563', '79849', '136477', '33761', '144651', '254623', '228588']"
15,24,13,35.11624436091377,39.018049289904184,50.0,"['512375', '95159', '127663', '56167', '436627', '450684', '385325', '330074', '202555', '230501', '196305', '465182', '379782']"
15,25,3,12.577695008739916,13.975216676377684,25.0,"['31965', '193154', '332159']"
15,26,8,18.264979075572374,20.294421195080414,25.0,"['325008', '273801', '81741', '111433', '30686', '53693', '538937', '525441']"
15,27,6,28.72235501245337,31.913727791614853,50.0,"['67009', '305432', '453474', '527237', '155119', '174570']"
15,28,7,31.278475011522325,34.753861123913694,50.0,"['519534', '362268', '253224', '233532', '192389', '342684', '352165']"
15,29,4,26.63439440667129,29.5937715629681,50.0,"['404444', '249276', '330101', '78581']"
15,30,10,26.037628202404548,28.93069800267172,50.0,"['259004', '469041', '535774', '483644', '349207', '114941', '186924', '515502', '547304', '96862']"
15,31,10,31.828135364240588,35.364594849156205,50.0,"['183875', '546972', '197532', '350164', '160500', '541219', '126795', '504397', '67168', '215583']"
15,32,6,12.663066597376918,14.070073997085464,25.0,"['302838', '407841', '312335', '371047', '265551', '524510']"
15,33,8,20.501629971400796,22.779588857111996,25.0,"['156716', '145405', '63556', '400528', '341616', '500428', '172155', '543210']"
15,34,9,26.45841665652183,29.3982407294687,50.0,"['401027', '201834', '319626', '203733', '160898', '432671', '438056', '131095', '49559']"
15,35,1,7.851501493170629,8.723890547967365,25.0,['373440']
15,36,10,32.072319878107095,35.63591097567455,50.0,"['213568', '275680', '329861', '203389', '167202', '506220', '491740', '153713', '292676', '179644']"
15,37,6,17.539817056231726,19.48868561803525,25.0,"['489422', '160880', '179886', '241959', '279160', '323846']"
15,38,12,27.156705066126708,30.174116740140786,50.0,"['49829', '475046', '506224', '312', '516138', '372134', '129763', '509992', '483016', '411121', '212890', '495378']"
15,39,3,8.973611122166487,9.97067902462943,25.0,"['175977', '169460', '124562']"
15,40,11,32.52019068111672,36.1335452012408,50.0,"['104208', '547937', '173050', '298162', '163934', '522556', '359627', '248221', '242999', '147319', '137501']"
15,41,8,25.898299407605816,28.77588823067313,50.0,"['392818', '69868', '500895', '500108', '531771', '32833', '398312', '364735']"
15,42,5,27.306023827595684,30.340026475106313,50.0,"['449778', '385476', '188487', '545696', '85660']"
15,43,3,9.429746648563896,10.477496276182107,25.0,"['249134', '118013', '318055']"
15,44,13,31.536946399363075,35.04105155484786,50.0,"['269586', '493311', '262502', '214106', '241027', '124966', '401975', '237735', '209412', '316619', '142507', '280063', '528839']"
15,45,6,25.228193669851446,28.03132629983494,50.0,"['84873', '224866', '284645', '526365', '255345', '412293']"
15,46,3,10.145379977573574,11.272644419526193,25.0,"['498854', '516263', '117120']"
15,47,7,23.69072901763229,26.323032241813653,50.0,"['199657', '330258', '373657', '369049', '68863', '6545', '248997']"
15,48,1,5.827897358508321,6.47544150945369,25.0,['391468']
15,49,6,16.801308672752242,18.668120747502492,25.0,"['294527', '267376', '304116', '485700', '241758', '414177']"
15,50,3,14.495873672240098,16.106526302488998,25.0,"['50580', '64839', '115209']"
15,51,11,25.29048750722444,28.100541674693822,50.0,"['284247', '454770', '157218', '110117', '97512', '237962', '541074', '129766', '422231', '498546', '152266']"
15,52,4,19.70074798524719,21.88971998360799,25.0,"['259612', '468180', '488440', '103643']"
15,53,1,3.1309978859873313,3.4788865399859237,25.0,['302815']
15,54,7,25.619927809126064,28.466586454584515,50.0,"['324981', '192800', '215656', '428747', '371852', '471083', '315490']"
15,55,13,38.89631871279115,43.21813190310127,50.0,"['436517', '42766', '521372', '160568', '175523', '446024', '5296', '489009', '303622', '378673', '104860', '125925', '486285']"
15,56,10,26.01466857188548,28.905187302094976,50.0,"['341963', '467636', '122651', '224398', '464312', '187566', '274702', '210595', '372499', '159311']"
15,57,5,14.345919947449373,15.939911052721525,25.0,"['507808', '95555', '343474', '319337', '528850']"
15,58,13,31.535919254509842,35.03991028278871,50.0,"['482358', '155532', '4916', '339433', '311107', '298681', '383865', '487751', '425185', '122601', '383693', '175316', '682']"
15,59,10,20.120075474693966,22.35563941632663,25.0,"['510593', '436458', '79390', '7292', '379880', '289531', '318102', '329260', '27287', '159900']"
15,60,4,15.399932705288327,17.111036339209253,25.0,"['91480', '404817', '537424', '264018']"
15,61,1,2.6038423118717198,2.8931581243019107,25.0,['173278']
15,62,9,28.059586881470864,31.17731875718985,50.0,"['149516', '388148', '346823', '524546', '237120', '431957', '531460', '493708', '162605']"
15,63,12,34.80346802421562,38.67052002690624,50.0,"['344492', '282801', '125128', '541265', '240492', '320667', '18838', '89529', '226419', '219611', '257435', '115968']"
15,64,3,11.846410000101596,13.16267777789066,25.0,"['263662', '284293', '196926']"
15,65,9,29.76519295463828,33.07243661626475,50.0,"['202039', '213002', '414301', '411339', '102922', '114077', '101380', '370146', '199812']"
15,66,6,14.54350241346422,16.159447126071356,25.0,"['270459', '55949', '487999', '241676', '111501', '268292']"
15,67,2,7.317363147962881,8.130403497736534,25.0,"['106794', '473498']"
15,68,4,23.46430600458099,26.0714511162011,50.0,"['346726', '25615', '21295', '432616']"
15,69,12,31.589986528361155,35.0999850315124,50.0,"['265588', '487621', '292090', '184427', '186366', '472992', '452846', '420064', '44812', '447938', '22158', '522245']"
15,70,7,22.8339378582836,25.371042064759557,50.0,"['191154', '513336', '515041', '176384', '524907', '175687', '225070']"
15,71,4,12.365286493194091,13.739207214660102,25.0,"['299045', '267170', '248626', '391979']"
15,72,9,23.85300430019471,26.50333811132745,50.0,"['530550', '517144', '403104', '241331', '61379', '421285', '229548', '27832', '411518']"
15,73,13,31.31422866518295,34.79358740575883,50.0,"['120348', '361089', '219636', '192312', '244264', '340776', '201819', '199016', '386874', '232939', '436282', '40436', '370745']"
15,74,13,30.08383858976616,33.4264873219624,50.0,"['392995', '20621', '28159', '213027', '212021', '123278', '290676', '461107', '507777', '228624', '124544', '233698', '305045']"
15,75,1,3.362032909841467,3.7355921220460746,25.0,['133636']
15,76,9,32.10787502875599,35.67541669861777,50.0,"['459186', '312422', '330646', '31427', '349166', '302088', '451461', '521269', '142620']"
15,77,10,24.921185097224495,27.69020566358277,50.0,"['88759', '194635', '97799', '240212', '327612', '279', '383204', '163213', '47630', '173606']"
15,78,6,20.735590603040123,23.039545114489027,25.0,"['131226', '18626', '381381', '153002', '463762', '238242']"
15,79,10,29.04828905024808,32.27587672249786,50.0,"['107460', '77240', '16760', '250934', '300418', '412017', '389346', '66449', '381122', '174597']"
15,80,5,13.0797509416461,14.533056601829,25.0,"['336050', '348481', '144143', '168910', '223077']"
15,81,9,29.835200577604105,33.15022286400456,50.0,"['139404', '325789', '176607', '230471', '389744', '432318', '506136', '35073', '309544']"
15,82,4,14.438377853075943,16.04264205897327,25.0,"['52377', '427800', '381087', '287709']"
15,83,3,12.567447634660974,13.963830705178859,25.0,"['44738', '176608', '434494']"
15,84,13,37.45083952697382,41.612043918859804,50.0,"['69509', '233753', '267735', '425465', '209609', '329123', '242516', '202088', '497858', '907', '131393', '225298', '254810']"
15,85,10,36.09852617993412,40.10947353326013,50.0,"['301504', '100023', '539605', '206494', '20210', '544508', '485566', '67186', '381418', '162004']"
15,86,9,25.786866142760044,28.652073491955605,50.0,"['31382', '256426', '454310', '446349', '365132', '283566', '119634', '109561', '227517']"
15,87,9,30.377368621498288,33.75263180166476,50.0,"['338070', '492549', '359302', '201928', '32222', '420097', '277908', '185819', '441278']"
15,88,10,31.843143107836802,35.381270119818666,50.0,"['87191', '343064', '543450', '396742', '386916', '499731', '516545', '520487', '524496', '284091']"
15,89,9,23.953761928090817,26.615291031212017,50.0,"['147115', '358737', '357027', '543603', '327596', '272937', '34928', '262816', '482395']"
15,90,1,5.068403486397092,5.631559429330102,25.0,['417306']
15,91,13,46.277018164443206,51.41890907160356,75.0,"['222350', '117115', '180949', '128310', '217854', '89230', '293636', '8083', '35932', '499943', '292117', '39960', '527111']"
15,92,8,24.536572050835904,27.262857834262114,50.0,"['461295', '314471', '96010', '323278', '513045', '451771', '513516', '236160']"
15,93,9,22.234026968991973,24.70447440999108,25.0,"['275091', '6945', '10740', '184561', '217704', '216421', '304201', '77324', '40454']"
15,94,5,26.524344391850896,29.471493768723217,50.0,"['491749', '291601', '415007', '469666', '372892']"
15,95,3,32.86685920439091,36.51873244932324,50.0,"['440204', '234094', '141350']"
15,96,1,5.715504906913499,6.350561007681666,25.0,['289058']
15,97,8,21.608035121326505,24.008927912585005,25.0,"['502985', '256260', '346110', '59912', '315517', '57620', '326187', '547294']"
15,98,13,33.743016684654506,37.49224076072723,50.0,"['299354', '188953', '19670', '452422', '201687', '162090', '396589', '523081', '172572', '407592', '334183', '159349', '95544']"
15,99,10,32.872612709967065,36.52512523329674,50.0,"['347246', '369055', '437412', '61674', '526989', '374743', '544772', '238210', '262350', '51960']"
15,100,10,30.805892883228967,34.22876987025441,50.0,"['2098', '188246', '424439', '352319', '486098', '343990', '361607', '100763', '429888', '409483']"
15,101,1,1.9208333365927932,2.134259262880881,25.0,['193407']
15,102,12,37.75712602022385,41.95236224469317,50.0,"['523530', '47959', '391944', '59425', '320013', '331771', '341670', '33973', '439854', '389848', '263068', '60197']"
15,103,9,24.50939111600584,27.232656795562043,50.0,"['316051', '449181', '215510', '183304', '478833', '48221', '543373', '404858', '345470']"
16,1,6,22.23863798366213,24.70959775962459,25.0,"['145405', '103643', '488510', '277908', '327131', '400528']"
16,2,3,11.230088505089578,12.477876116766197,25.0,"['210595', '173050', '527111']"
16,3,7,22.346475636383914,24.829417373759902,25.0,"['524546', '517144', '34928', '68232', '456950', '124966', '493311']"
16,4,4,14.43670151373037,16.04077945970041,25.0,"['180949', '372134', '88759', '498546']"
16,5,10,27.610041964566545,30.677824405073938,50.0,"['302838', '471083', '543373', '188246', '40995', '179644', '379880', '362268', '64839', '95544']"
16,6,2,17.811168172331353,19.790186858145947,25.0,"['538593', '130380']"
16,7,9,31.149467941937676,34.61051993548631,50.0,"['298162', '137501', '18626', '389744', '367483', '5296', '513336', '59912', '330101']"
16,8,8,31.665853997421376,35.18428221935709,50.0,"['327596', '284645', '304116', '179886', '411339', '20621', '119842', '89230']"
16,9,7,26.346894152599372,29.274326836221523,50.0,"['270459', '60197', '35932', '49559', '434738', '174597', '381418']"
16,10,6,20.33220505907251,22.59133895452501,25.0,"['438056', '451978', '522245', '20210', '494604', '79849']"
16,11,11,33.69085466928972,37.434282965877465,50.0,"['140441', '31427', '170825', '238996', '302088', '48221', '124562', '217854', '454770', '67186', '304201']"
16,12,1,6.014852345358839,6.6831692726209315,25.0,['425465']
16,13,7,21.34589649441795,23.7176627715755,25.0,"['264018', '441278', '494663', '97799', '222350', '95555', '161861']"
16,14,2,12.714265669746595,14.126961855273994,25.0,"['381087', '219611']"
16,15,1,6.992914444223146,7.769904938025718,25.0,['332159']
16,16,2,16.378328448654408,18.19814272072712,25.0,"['425185', '527237']"
16,17,10,27.191356055248892,30.212617839165436,50.0,"['35073', '359302', '256260', '346824', '75607', '343990', '302621', '186924', '391969', '538937']"
16,18,1,6.7504086296414645,7.50045403293496,25.0,['265588']
16,19,7,23.761041109700408,26.40115678855601,50.0,"['391944', '341963', '424439', '146446', '521269', '520838', '289531']"
16,20,2,8.53810151529375,9.4867794614375,25.0,"['92339', '84873']"
16,21,10,29.39137097936807,32.65707886596452,50.0,"['219636', '232939', '303298', '81741', '420097', '176607', '173392', '370146', '528850', '329123']"
16,22,12,37.79418204885926,41.993535609843626,50.0,"['257435', '31382', '392818', '389848', '469041', '188110', '482395', '419752', '97512', '437412', '520487', '292117']"
16,23,5,20.975016143099573,23.305573492332858,25.0,"['240492', '289058', '203733', '356235', '111132']"
16,24,9,35.616346939455276,39.57371882161697,50.0,"['408279', '407592', '331771', '305432', '309544', '500108', '193900', '117115', '374743']"
16,25,11,31.88435714583185,35.42706349536872,50.0,"['131095', '131393', '114719', '495378', '128310', '60725', '233879', '350164', '168910', '364735', '292090']"
16,26,4,20.76927490427631,23.076972115862564,25.0,"['447938', '533820', '136784', '215510']"
16,27,8,24.790739913309995,27.545266570344438,50.0,"['233753', '159311', '515041', '269586', '101380', '261325', '174570', '277767']"
16,28,7,30.649989016147266,34.05554335127474,50.0,"['15007', '411518', '262350', '144651', '275286', '226419', '30686']"
16,29,8,34.19760493871101,37.99733882079001,50.0,"['57620', '334183', '537920', '522556', '186366', '293636', '142225', '431957']"
16,30,1,9.790016471793573,10.877796079770636,25.0,['213568']
16,31,9,29.162605941376516,32.40289549041835,50.0,"['543450', '541074', '77240', '341670', '361750', '485700', '392995', '526365', '396629']"
16,32,9,20.040462443693723,22.267180492993024,25.0,"['122601', '547304', '235662', '109561', '200374', '183875', '509992', '436627', '15089']"
16,33,9,19.29826033025325,21.442511478059167,25.0,"['131226', '237120', '358737', '403104', '274702', '6545', '233698', '516138', '76849']"
16,34,13,38.68410607681828,42.98234008535365,50.0,"['512375', '417306', '262502', '139272', '422231', '371852', '67009', '482358', '7292', '201819', '357027', '237735', '196926']"
16,35,13,28.920141426239514,32.13349047359946,50.0,"['515502', '459665', '104860', '149516', '249134', '524444', '238210', '163213', '239992', '136477', '126795', '151863', '142620']"
16,36,6,20.812803829494662,23.1253375883274,25.0,"['175523', '487621', '428747', '389346', '74247', '102922']"
16,37,7,24.271073475505105,26.967859417227892,50.0,"['224398', '202039', '139404', '172572', '188953', '410593', '236160']"
16,38,6,18.27392828058576,20.3043647562064,25.0,"['383865', '429888', '280063', '386916', '420064', '519534']"
16,39,9,39.14666898692935,43.49629887436594,50.0,"['284293', '129763', '284247', '279405', '377381', '275091', '534341', '213027', '69626']"
16,40,12,28.166889622362316,31.296544024847016,50.0,"['524907', '469666', '504968', '122651', '163934', '682', '487709', '299045', '300418', '100023', '173606', '255345']"
16,41,7,28.58763425580787,31.764038062008744,50.0,"['341616', '318102', '44812', '409483', '151790', '21595', '93768']"
16,42,6,15.376677033563361,17.08519670395929,25.0,"['106794', '401027', '273801', '214106', '364878', '379782']"
16,43,7,24.774471610526053,27.52719067836228,50.0,"['346823', '52377', '401975', '184561', '343064', '249276', '272937']"
16,44,7,25.351761892331048,28.168624324812274,50.0,"['325008', '414177', '172155', '486178', '175687', '317423', '475046']"
16,45,1,8.04369841612074,8.9374426845786,25.0,['66449']
16,46,10,32.48999885377215,36.099998726413496,50.0,"['18838', '248997', '202555', '372892', '361607', '203949', '10740', '47840', '320667', '427800']"
16,47,11,29.218195553237454,32.46466172581939,50.0,"['19670', '200098', '212890', '346726', '454310', '192389', '206494', '50580', '531460', '142507', '523530']"
16,48,11,25.260685949351114,28.067428832612347,50.0,"['112300', '541265', '254810', '162090', '35191', '32222', '77868', '544772', '492245', '212021', '240212']"
16,49,11,28.926145022706653,32.14016113634072,50.0,"['267376', '93799', '411121', '91480', '315490', '27832', '464312', '247213', '316619', '72989', '395429']"
16,50,8,31.681138622539905,35.20126513615545,50.0,"['370745', '203389', '446349', '69509', '483016', '398312', '465182', '407841']"
16,51,5,17.31978012960547,19.244200144006076,25.0,"['412017', '323278', '3612', '249827', '472992']"
16,52,2,7.057142759980322,7.841269733311469,25.0,"['432671', '241331']"
16,53,8,30.990332307894153,34.433702564326836,50.0,"['545763', '439854', '415007', '292676', '404444', '359627', '323846', '492549']"
16,54,6,23.379999478993547,25.977777198881718,50.0,"['241959', '59425', '489009', '396589', '483644', '269943']"
16,55,8,20.642498770699273,22.936109745221415,25.0,"['61379', '215656', '241027', '329260', '111433', '428936', '319337', '233532']"
16,56,9,34.06922188723364,37.854690985815154,50.0,"['541219', '99499', '13050', '26402', '223077', '133636', '263662', '21295', '447578']"
16,57,12,49.07311688508081,54.525685427867565,75.0,"['507808', '473498', '440204', '104208', '463762', '153713', '242999', '185819', '315517', '421285', '298681', '215583']"
16,58,1,4.288389264170209,4.764876960189121,25.0,['259612']
16,59,3,18.115959252460726,20.128843613845252,25.0,"['500428', '191154', '301874']"
16,60,8,23.285770903271228,25.873078781412474,50.0,"['378673', '487999', '40454', '279', '157218', '365132', '225070', '543603']"
16,61,1,10.041082393856886,11.15675821539654,25.0,['217704']
16,62,1,14.305931797459044,15.895479774954493,25.0,['491749']
16,63,13,30.168086124269035,33.52009569363226,50.0,"['506224', '320013', '330646', '498854', '114941', '6945', '396742', '162004', '176384', '345470', '268292', '391468', '114077']"
16,64,12,25.40054810375893,28.22283122639881,50.0,"['368041', '543210', '183304', '68863', '338070', '199016', '496323', '79390', '290676', '432318', '436427', '187566']"
16,65,10,21.155222204222234,23.505802449135814,25.0,"['155119', '69868', '77324', '47630', '299354', '208475', '156716', '517304', '530378', '125128']"
16,66,2,10.153224030021835,11.281360033357595,25.0,"['115209', '488440']"
16,67,7,21.436183021591496,23.81798113510166,25.0,"['193407', '381381', '180871', '516263', '111557', '248221', '122061']"
16,68,13,29.014498056521663,32.23833117391296,50.0,"['472629', '476573', '194635', '530550', '127663', '263068', '539605', '372499', '111501', '175977', '524510', '383693', '70024']"
16,69,9,27.86746616465965,30.963851294066277,50.0,"['25615', '470251', '162605', '473426', '340776', '38407', '104562', '500895', '446024']"
16,70,12,36.445877144879496,40.49541904986611,50.0,"['244264', '283566', '225298', '119634', '291601', '449778', '188487', '514303', '402638', '412293', '53693', '230501']"
16,71,11,26.642605601704908,29.602895113005452,50.0,"['124544', '486098', '106564', '256426', '152266', '339433', '303622', '333827', '237962', '348481', '199812']"
16,72,2,8.035392291340143,8.928213657044603,25.0,"['229548', '87191']"
16,73,9,23.684989000479444,26.31665444497716,50.0,"['155532', '307573', '173278', '78581', '526989', '343474', '386874', '507777', '352319']"
16,74,7,24.239393714671486,26.932659682968318,50.0,"['506220', '349166', '42335', '190006', '43092', '459186', '524496']"
16,75,10,29.770125606179295,33.077917340199214,50.0,"['160880', '305045', '227517', '160898', '263375', '241758', '160500', '491740', '387140', '373440']"
16,76,4,19.862793510071068,22.069770566745632,25.0,"['383204', '261802', '318055', '388148']"
16,77,10,29.37925583971193,32.64361759967992,50.0,"['314471', '373657', '96862', '452253', '110117', '147115', '547294', '467636', '405479', '32833']"
16,78,13,32.92158047220204,36.579533858002264,50.0,"['493708', '521372', '96010', '436517', '176608', '192312', '423568', '376796', '287709', '468180', '284091', '321516', '193154']"
16,79,2,12.813971019893117,14.237745577659018,25.0,"['184427', '282048']"
16,80,2,18.423121417194324,20.470134907993693,25.0,"['213002', '510701']"
16,81,10,25.20452688461712,28.0050298717968,50.0,"['226598', '337614', '326187', '153002', '414301', '175316', '57486', '454110', '346110', '349207']"
16,82,12,32.805631588941274,36.4507017654903,50.0,"['250934', '337903', '361089', '369055', '31965', '294527', '517258', '546972', '412019', '238242', '392777', '437803']"
16,83,1,4.644366459942978,5.160407177714419,25.0,['234094']
16,84,3,13.671158570984321,15.190176189982578,25.0,"['486285', '519092', '197532']"
16,85,4,16.51107797991228,18.34564219990253,25.0,"['144143', '56291', '230471', '49829']"
16,86,6,19.70629910985339,21.8958878998371,25.0,"['404817', '311107', '454230', '160568', '118013', '209412']"
16,87,3,13.146663632649316,14.607404036277018,25.0,"['344492', '907', '22158']"
16,88,3,22.85679063341788,25.396434037130977,50.0,"['224866', '369049', '446322']"
16,89,3,15.475498104079035,17.19499789342115,25.0,"['228588', '201834', '279160']"
16,90,7,20.83590323305268,23.151003592280755,25.0,"['461107', '44738', '620', '267170', '489422', '69842', '503022']"
16,91,1,3.2196588031180524,3.5773986701311693,25.0,['28159']
16,92,11,30.369637848051582,33.74404205339064,50.0,"['27287', '85660', '464315', '330074', '381122', '159900', '504397', '55949', '254623', '123278', '516545']"
16,93,10,34.92728711245249,38.80809679161388,50.0,"['324981', '312', '528839', '404858', '4916', '262816', '115968', '2098', '47959', '312422']"
16,94,1,10.999166375586011,12.221295972873346,25.0,['16760']
16,95,6,19.274729819114185,21.416366465682426,25.0,"['385325', '336050', '100763', '141246', '216421', '448971']"
16,96,9,28.641579386721784,31.823977096357538,50.0,"['525441', '513045', '327612', '295670', '39960', '465186', '120305', '371047', '545696']"
16,97,5,21.18094148035286,23.53437942261429,25.0,"['451771', '450692', '202088', '275680', '535774']"
16,98,11,34.82669093846335,38.696323264959275,50.0,"['42766', '352165', '316051', '241676', '61674', '422424', '248626', '253224', '282801', '397555', '335542']"
16,99,2,18.80285853170909,20.892065035232324,25.0,"['107460', '451476']"
16,100,13,33.84079424688897,37.6008824965433,50.0,"['391979', '141350', '452846', '505847', '513516', '319626', '201687', '242598', '531662', '450684', '342684', '544508', '159349']"
16,101,2,7.959770457600735,8.84418939733415,25.0,"['510593', '384563']"
16,102,12,37.99123444308794,42.212482714542155,50.0,"['51960', '312335', '499943', '417114', '432616', '125925', '428666', '8083', '478833', '436458', '56167', '165026']"
16,103,4,18.818152120713275,20.909057911903638,25.0,"['385476', '229481', '523081', '449181']"
16,104,9,33.83648341034224,37.596092678158044,50.0,"['167202', '129766', '547937', '451461', '95159', '201928', '497858', '487751', '228624']"
16,105,9,30.133884163371135,33.482093514856814,50.0,"['89529', '531771', '69737', '199657', '152328', '216764', '54697', '97305', '452422']"
16,106,3,9.784211287097612,10.871345874552903,25.0,"['163371', '63556', '91397']"
16,107,3,18.805532466659233,20.895036074065814,25.0,"['67168', '453474', '499731']"
16,108,8,24.584660271794263,27.316289190882515,50.0,"['259004', '347246', '300631', '120348', '330258', '209609', '239985', '147319']"
16,109,11,27.428675815595366,30.476306461772626,50.0,"['40436', '301504', '485566', '117120', '75859', '121143', '418397', '434494', '169460', '436282', '302815']"
16,110,11,33.08545870675382,36.76162078528202,50.0,"['267735', '502985', '329861', '192800', '506136', '242516', '325789', '537424', '33973', '196305', '461295']"
16,111,3,8.99881772767848,9.9986863640872,25.0,"['33761', '265551', '126829']"
17,1,12,40.951174654264506,45.50130517140501,50.0,"['103643', '489422', '526989', '123278', '515502', '232939', '436458', '128310', '407592', '159349', '381122', '151790']"
17,2,5,14.52078061682802,16.134200685364465,25.0,"['20210', '314471', '404858', '111501', '19670']"
17,3,11,40.36255108069692,44.84727897855213,50.0,"['523530', '216421', '69509', '418397', '226419', '323278', '162090', '160500', '316051', '126829', '437412']"
17,4,11,27.399161897880155,30.443513219866837,50.0,"['403104', '139272', '226598', '25615', '459186', '307573', '191154', '461295', '304201', '312422', '200098']"
17,5,9,30.01079125792017,33.3453236199113,50.0,"['417306', '431957', '349166', '486285', '129766', '183304', '522245', '305432', '321516']"
17,6,2,10.323394992316668,11.470438880351853,25.0,"['122601', '502985']"
17,7,4,20.948383656662187,23.275981840735763,25.0,"['233698', '176608', '491749', '263375']"
17,8,5,19.03212543592967,21.146806039921856,25.0,"['284293', '451978', '174570', '465186', '183875']"
17,9,7,26.40009985364895,29.333444281832165,50.0,"['337614', '140441', '425185', '346110', '311107', '203733', '213027']"
17,10,12,25.227993224725108,28.031103583027896,50.0,"['302838', '238210', '499731', '255345', '169460', '111557', '43092', '298681', '447938', '420097', '179644', '488510']"
17,11,5,17.429205958219534,19.365784398021702,25.0,"['31427', '121143', '391979', '241676', '100763']"
17,12,7,20.445212111371596,22.71690234596844,25.0,"['428936', '517144', '318102', '410593', '289058', '404817', '482358']"
17,13,7,20.082403194409082,22.3137813271212,25.0,"['173392', '124966', '253224', '524546', '547294', '343990', '381381']"
17,14,3,13.060517724005866,14.511686360006518,25.0,"['506136', '531460', '40436']"
17,15,12,31.902814553494075,35.44757172610453,50.0,"['368041', '115968', '383693', '248221', '104860', '357027', '414177', '63556', '247213', '40454', '104208', '159311']"
17,16,7,28.402457814892415,31.55828646099157,50.0,"['471083', '225070', '485566', '262350', '230501', '377381', '451771']"
17,17,6,21.60232288182022,24.002580979800246,25.0,"['70024', '396589', '302088', '301874', '330101', '527237']"
17,18,10,26.71051072349788,29.678345248330977,50.0,"['342684', '411518', '400528', '186924', '391944', '346823', '84873', '261325', '494663', '528850']"
17,19,4,15.824121969339679,17.582357743710755,25.0,"['329123', '234094', '163213', '69842']"
17,20,2,20.71988953228457,23.022099480316186,25.0,"['107460', '67009']"
17,21,4,13.810469317409876,15.344965908233196,25.0,"['299045', '391969', '450684', '372134']"
17,22,6,17.48460524204217,19.427339157824633,25.0,"['397555', '339433', '513516', '217854', '242516', '500895']"
17,23,6,22.40574019541682,24.895266883796463,25.0,"['57620', '530550', '500108', '456950', '188246', '449778']"
17,24,4,22.047191616625724,24.496879574028583,25.0,"['241027', '315517', '5296', '129763']"
17,25,10,29.52746390739767,32.808293230441855,50.0,"['141350', '217704', '118013', '152266', '142620', '446024', '337903', '473498', '228624', '343064']"
17,26,7,23.030578793565557,25.589531992850617,50.0,"['68232', '59912', '487621', '240492', '506220', '541074', '425465']"
17,27,13,31.062301925735742,34.51366880637305,50.0,"['412293', '331771', '544508', '299354', '282048', '478833', '47630', '120305', '199016', '237735', '533820', '163371', '153002']"
17,28,2,5.569680672780919,6.188534080867687,25.0,"['248997', '104562']"
17,29,2,9.942496599628926,11.04721844403214,25.0,"['127663', '438056']"
17,30,3,15.404028887873773,17.11558765319308,25.0,"['520838', '187566', '505847']"
17,31,1,18.512848729379417,20.569831921532685,25.0,['497858']
17,32,5,23.37761058585952,25.975122873177245,50.0,"['539605', '279', '319626', '213002', '95555']"
17,33,9,29.671531048731875,32.968367831924304,50.0,"['67186', '248626', '374743', '359302', '424439', '359627', '27287', '284645', '219611']"
17,34,12,34.580189054963874,38.42243228329319,50.0,"['279405', '454310', '503022', '160898', '302815', '528839', '476573', '489009', '114941', '265551', '197532', '371047']"
17,35,1,5.863603919441206,6.515115466045785,25.0,['300631']
17,36,11,28.980946268722978,32.2010514096922,50.0,"['429888', '56291', '312335', '361089', '412017', '294527', '162004', '318055', '432671', '126795', '18626']"
17,37,4,13.620544181765805,15.133937979739782,25.0,"['136477', '184561', '396742', '446322']"
17,38,9,35.27933678459654,39.19926309399615,50.0,"['498854', '326187', '91397', '330258', '2098', '131226', '51960', '356235', '112300']"
17,39,5,17.881880628767014,19.86875625418557,25.0,"['254810', '106564', '411339', '179886', '417114']"
17,40,10,31.91335907395343,35.459287859948255,50.0,"['401027', '405479', '383865', '545763', '414301', '32833', '282801', '526365', '61674', '381418']"
17,41,10,25.956235736253795,28.840261929170882,50.0,"['547304', '483016', '175687', '219636', '312', '372892', '500428', '541265', '398312', '512375']"
17,42,12,33.51335625786274,37.23706250873638,50.0,"['31382', '256260', '450692', '379880', '262502', '172572', '238996', '163934', '682', '237962', '269943', '228588']"
17,43,1,10.80115778385275,12.001286426503055,25.0,['257435']
17,44,9,23.241992992742954,25.824436658603283,50.0,"['367483', '449181', '346824', '206494', '75607', '386916', '302621', '499943', '168910']"
17,45,13,42.90806279280785,47.675625325342054,50.0,"['365132', '319337', '464315', '289531', '487709', '193900', '514303', '483644', '385476', '215656', '230471', '89230', '208475']"
17,46,10,30.1737237739809,33.52635974886766,50.0,"['223077', '436517', '469666', '48221', '265588', '115209', '44812', '175523', '142507', '283566']"
17,47,4,14.486319959309158,16.095911065899063,25.0,"['35191', '346726', '441278', '350164']"
17,48,8,37.056233500497626,41.17359277833069,50.0,"['391468', '249276', '236160', '537920', '47959', '114077', '277908', '78581']"
17,49,10,29.257169557786398,32.50796617531822,50.0,"['519534', '235662', '341670', '412019', '174597', '242598', '30686', '521372', '324981', '119842']"
17,50,2,8.457824648999843,9.397582943333159,25.0,"['544772', '493708']"
17,51,8,17.46055896661757,19.400621074019522,25.0,"['212890', '3612', '250934', '49559', '87191', '196926', '240212', '487999']"
17,52,6,16.362886097134048,18.180984552371164,25.0,"['907', '330646', '524510', '188487', '472992', '392818']"
17,53,1,4.728010530670366,5.253345034078184,25.0,['149516']
17,54,12,28.558888312503264,31.732098125003624,50.0,"['175316', '422424', '75859', '300418', '269586', '147115', '452422', '76849', '519092', '341616', '493311', '422231']"
17,55,5,24.696937462892105,27.441041625435673,50.0,"['292676', '60725', '233532', '370146', '541219']"
17,56,11,28.347887980796934,31.497653311996594,50.0,"['259004', '439854', '275091', '298162', '373440', '31965', '486098', '369055', '124562', '224398', '117115']"
17,57,3,8.920205130080902,9.911339033423223,25.0,"['109561', '345470', '145405']"
17,58,2,8.53167096250426,9.47963440278251,25.0,"['67168', '475046']"
17,59,12,32.633315942992105,36.25923993665789,50.0,"['96010', '77324', '332159', '421285', '510701', '495378', '419752', '170825', '233753', '35932', '203389', '263068']"
17,60,6,20.36331219819075,22.625902442434167,25.0,"['290676', '44738', '28159', '268292', '92339', '222350']"
17,61,4,16.15081254877671,17.945347276418566,25.0,"['186366', '173606', '175977', '42335']"
17,62,13,39.13648802353931,43.48498669282145,50.0,"['378673', '517304', '513336', '517258', '504968', '384563', '386874', '510593', '35073', '330074', '147319', '8083', '215510']"
17,63,9,19.795307922407385,21.99478658045265,25.0,"['110117', '54697', '436627', '50580', '543210', '327131', '125925', '264018', '155532']"
17,64,9,26.2220251541939,29.135583504659888,50.0,"['385325', '192800', '172155', '338070', '388148', '160568', '284091', '49829', '383204']"
17,65,5,18.37130699296693,20.41256332551881,25.0,"['139404', '507808', '343474', '361607', '153713']"
17,66,13,31.92979604338536,35.477551159317066,50.0,"['543373', '513045', '194635', '538593', '96862', '323846', '376796', '137501', '415007', '249827', '68863', '451476', '325008']"
17,67,3,15.042480019241449,16.713866688046053,25.0,"['327612', '99499', '131393']"
17,68,3,8.166576229401784,9.073973588224204,25.0,"['117120', '209412', '101380']"
17,69,7,25.23578778993702,28.039764211041135,50.0,"['448971', '465182', '267170', '452846', '61379', '309544', '372499']"
17,70,10,27.56000324002767,30.622225822252965,50.0,"['427800', '111433', '69626', '274702', '340776', '201819', '341963', '38407', '202039', '21595']"
17,71,6,31.780280072240053,35.31142230248895,50.0,"['72989', '469041', '371852', '22158', '242999', '352165']"
17,72,11,37.23120511233398,41.36800568037109,50.0,"['506224', '15089', '176384', '52377', '447578', '216764', '381087', '524496', '349207', '185819', '95544']"
17,73,8,20.93958856036113,23.26620951151237,25.0,"['303622', '273801', '200374', '370745', '428666', '27832', '156716', '498546']"
17,74,12,33.64835476269999,37.38706084744443,50.0,"['241331', '454110', '77240', '453474', '184427', '301504', '292117', '504397', '492245', '436427', '530378', '69737']"
17,75,4,19.74844359882116,21.94271510980129,25.0,"['10740', '467636', '262816', '162605']"
17,76,7,27.190976588931868,30.212196209924297,50.0,"['516138', '434494', '432616', '507777', '249134', '254623', '176607']"
17,77,12,40.10904959117243,44.565610656858254,50.0,"['100023', '119634', '81741', '275286', '267735', '120348', '364735', '6945', '482395', '315490', '389346', '320667']"
17,78,4,12.378997922943762,13.75444213660418,25.0,"['151863', '214106', '160880', '389744']"
17,79,11,23.414755177881684,26.01639464209076,50.0,"['53693', '155119', '237120', '18838', '485700', '408279', '55949', '473426', '547937', '42766', '291601']"
17,80,4,19.488073032935823,21.653414481039803,25.0,"['344492', '202555', '293636', '192389']"
17,81,3,12.421602772046217,13.80178085782913,25.0,"['131095', '32222', '333827']"
17,82,11,43.74585046301822,48.60650051446469,50.0,"['209609', '369049', '6545', '362268', '428747', '316619', '303298', '244264', '224866', '146446', '144143']"
17,83,6,28.289750138822594,31.433055709802883,50.0,"['15007', '261802', '173278', '347246', '192312', '188110']"
17,84,7,15.45016362374825,17.166848470831386,25.0,"['420064', '470251', '509992', '545696', '463762', '124544', '241758']"
17,85,4,21.672185905716,24.080206561906664,25.0,"['437803', '111132', '434738', '93768']"
17,86,1,6.358146919172357,7.064607687969286,25.0,['401975']
17,87,12,29.857461020330962,33.174956689256625,50.0,"['133636', '21295', '516545', '396629', '334183', '275680', '130380', '190006', '165026', '159900', '202088', '320013']"
17,88,13,36.21946031659428,40.24384479621587,50.0,"['13050', '543603', '91480', '60197', '492549', '272937', '468180', '225298', '229548', '69868', '201928', '379782', '472629']"
17,89,8,16.144812677585737,17.93868075287304,25.0,"['161861', '97305', '454230', '304116', '395429', '348481', '199812', '352319']"
17,90,9,27.1110567412208,30.12339637913422,50.0,"['47840', '464312', '79390', '188953', '93799', '325789', '57486', '270459', '423568']"
17,91,8,31.146251083885605,34.60694564876178,50.0,"['531662', '402638', '233879', '488440', '238242', '66449', '534341', '16760']"
17,92,12,30.569327528583308,33.96591947620367,50.0,"['201687', '494604', '213568', '336050', '361750', '295670', '538937', '106794', '531771', '114719', '89529', '515041']"
17,93,12,31.3970496630695,34.885610736743885,50.0,"['95159', '524444', '4916', '229481', '432318', '97512', '335542', '392777', '329260', '329861', '39960', '256426']"
17,94,1,2.5055726272053076,2.7839695857836753,25.0,['263662']
17,95,11,32.285782875076784,35.87309208341865,50.0,"['543450', '167202', '537424', '122651', '157218', '373657', '535774', '144651', '193154', '407841', '77868']"
17,96,1,5.466027034765513,6.073363371961681,25.0,['33761']
17,97,5,10.982491111283172,12.202767901425746,25.0,"['20621', '74247', '487751', '152328', '193407']"
17,98,9,33.25711951517056,36.952355016856174,50.0,"['102922', '210595', '486178', '199657', '525441', '496323', '33973', '141246', '461107']"
17,99,1,11.011311359435144,12.234790399372383,25.0,['317423']
17,100,6,16.603822195855727,18.448691328728586,25.0,"['305045', '387140', '212021', '277767', '239992', '522556']"
17,101,12,39.00898744716923,43.34331938574359,50.0,"['327596', '284247', '523081', '203949', '404444', '56167', '451461', '97799', '452253', '267376', '389848', '527111']"
17,102,1,6.2611859569398725,6.956873285488747,25.0,['520487']
17,103,11,26.852233904168767,29.835815449076406,50.0,"['524907', '79849', '392995', '459665', '280063', '491740', '454770', '122061', '180871', '241959', '88759']"
17,104,2,15.938352701464854,17.709280779405393,25.0,"['215583', '173050']"
17,105,1,4.347809023853924,4.830898915393249,25.0,['136784']
17,106,5,16.626428987346515,18.473809985940573,25.0,"['279160', '620', '125128', '7292', '516263']"
17,107,3,13.860723087787743,15.40080343087527,25.0,"['34928', '546972', '26402']"
17,108,8,19.95334355592971,22.17038172881079,25.0,"['364878', '521269', '142225', '59425', '64839', '358737', '436282', '201834']"
17,109,5,20.903921292885432,23.226579214317145,25.0,"['446349', '239985', '180949', '85660', '196305']"
17,110,8,41.36516445856914,45.9612938428546,50.0,"['259612', '292090', '440204', '40995', '287709', '227517', '411121', '409483']"
18,1,1,3.843184810656667,4.270205345174074,25.0,['507808']
18,2,7,27.78004480810713,30.86671645345237,50.0,"['147319', '374743', '450692', '411518', '162090', '119634', '144651']"
18,3,10,23.08016020485479,25.644622449838653,50.0,"['434494', '85660', '93799', '111557', '275091', '183875', '475046', '114077', '234094', '114941']"
18,4,10,28.585322358189647,31.761469286877386,50.0,"['521269', '175687', '367483', '448971', '124966', '379782', '117120', '139404', '489009', '451978']"
18,5,5,16.888388128321996,18.76487569813555,25.0,"['364735', '179644', '248221', '503022', '97305']"
18,6,1,2.7810692903352097,3.0900769892613438,25.0,['517258']
18,7,3,9.392366984253773,10.435963315837524,25.0,"['520487', '102922', '230501']"
18,8,3,11.064882106833364,12.294313452037072,25.0,"['159349', '436458', '454770']"
18,9,3,20.288117004333984,22.54235222703776,25.0,"['424439', '111132', '188110']"
18,10,10,30.69670531115988,34.1074503457332,50.0,"['59912', '228624', '431957', '188953', '545763', '133636', '373657', '284293', '337614', '417306']"
18,11,13,30.115170713231322,33.46130079247924,50.0,"['174597', '241676', '241959', '507777', '275680', '330101', '123278', '452422', '172155', '408279', '173278', '120305', '256426']"
18,12,10,29.504422772337307,32.782691969263674,50.0,"['242999', '396629', '327612', '472629', '502985', '307573', '370146', '216421', '77868', '167202']"
18,13,2,10.967978439527105,12.186642710585671,25.0,"['541074', '304116']"
18,14,1,10.351383639940693,11.50153737771188,25.0,['77324']
18,15,1,3.2196588031180524,3.5773986701311693,25.0,['28159']
18,16,9,30.08415193800673,33.42683548667414,50.0,"['409483', '126795', '384563', '180949', '40995', '104860', '233532', '241331', '312335']"
18,17,9,24.427259242499154,27.141399158332394,50.0,"['125128', '405479', '47630', '506220', '410593', '130380', '176607', '428666', '302621']"
18,18,13,30.57373517802232,33.97081686446924,50.0,"['151863', '25615', '169460', '514303', '161861', '404444', '126829', '225298', '52377', '454310', '287709', '185819', '423568']"
18,19,1,10.020037981178003,11.133375534642225,25.0,['515041']
18,20,12,42.20040141291617,46.88933490324019,50.0,"['447938', '153713', '33973', '524907', '56167', '222350', '215583', '524496', '213027', '530378', '544772', '506224']"
18,21,10,25.413470329561868,28.237189255068742,50.0,"['237735', '432318', '173050', '371047', '121143', '305432', '301874', '244264', '478833', '513045']"
18,22,5,22.1330753654126,24.592305961569558,25.0,"['236160', '547294', '383693', '499943', '152328']"
18,23,2,11.95995338888101,13.288837098756677,25.0,"['175316', '267735']"
18,24,9,30.48582920250719,33.87314355834132,50.0,"['16760', '72989', '159900', '68232', '504397', '389744', '486178', '147115', '510701']"
18,25,10,26.84982571766725,29.833139686296946,50.0,"['422424', '319337', '620', '227517', '263068', '469041', '149516', '543603', '317423', '304201']"
18,26,13,33.16635588410166,36.851506537890735,50.0,"['344492', '330074', '391969', '145405', '436517', '175523', '436427', '320013', '265588', '20210', '69737', '339433', '372134']"
18,27,1,10.266560136709245,11.407289040788049,25.0,['500108']
18,28,8,24.89242856081315,27.658253956459056,50.0,"['136477', '315490', '254810', '338070', '40454', '533820', '265551', '358737']"
18,29,7,35.44051681808547,39.378352020094965,50.0,"['476573', '224866', '224398', '284091', '242516', '543210', '412019']"
18,30,9,37.17776753867442,41.30863059852714,50.0,"['292090', '187566', '516545', '242598', '319626', '95159', '337903', '199657', '446349']"
18,31,10,26.742040748208094,29.713378609120102,50.0,"['428747', '500895', '543450', '397555', '428936', '61379', '544508', '237962', '526989', '267170']"
18,32,2,13.467937016944742,14.964374463271934,25.0,"['483644', '524444']"
18,33,6,27.2197030530672,30.244114503408,50.0,"['269943', '330258', '386874', '75607', '404858', '165026']"
18,34,13,44.417311713358416,49.35256857039824,50.0,"['487709', '283566', '249276', '168910', '346823', '389346', '330646', '32833', '422231', '321516', '203733', '67186', '452253']"
18,35,8,22.149719691257197,24.61079965695244,25.0,"['303298', '273801', '545696', '311107', '44812', '3612', '75859', '184427']"
18,36,9,28.073689663811773,31.192988515346414,50.0,"['349207', '193900', '506136', '30686', '119842', '95544', '69842', '20621', '350164']"
18,37,7,24.142589087848243,26.82509898649805,50.0,"['293636', '201687', '259004', '239985', '402638', '213568', '454110']"
18,38,9,35.045717631709095,38.93968625745455,50.0,"['512375', '341670', '201834', '112300', '212890', '27287', '264018', '69868', '160500']"
18,39,7,24.19535535849593,26.88372817610659,50.0,"['136784', '398312', '520838', '289531', '377381', '79390', '320667']"
18,40,1,6.014852345358839,6.6831692726209315,25.0,['425465']
18,41,12,29.516875276539476,32.79652808504386,50.0,"['298681', '295670', '335542', '229481', '441278', '122061', '401027', '396742', '383204', '184561', '531771', '175977']"
18,42,5,16.030480892155826,17.811645435728696,25.0,"['196926', '517144', '229548', '263662', '418397']"
18,43,13,29.170682656515854,32.41186961835095,50.0,"['364878', '162004', '329861', '521372', '279', '33761', '40436', '493311', '13050', '35073', '64839', '539605', '233698']"
18,44,5,13.357890101663642,14.842100112959603,25.0,"['495378', '137501', '509992', '327131', '323846']"
18,45,5,16.30776881762548,18.119743130694978,25.0,"['387140', '152266', '446322', '392995', '331771']"
18,46,8,20.54962946794639,22.832921631051544,25.0,"['290676', '233879', '372892', '473498', '470251', '274702', '74247', '531460']"
18,47,4,13.467745047615669,14.964161164017408,25.0,"['2098', '504968', '498546', '34928']"
18,48,7,20.230342963073987,22.478158847859984,25.0,"['206494', '451461', '299354', '153002', '432671', '144143', '230471']"
18,49,3,15.070283709635502,16.74475967737278,25.0,"['159311', '237120', '537424']"
18,50,1,9.830665938149062,10.922962153498958,25.0,['238996']
18,51,6,17.304017241772755,19.22668582419195,25.0,"['275286', '15089', '239992', '383865', '186924', '42766']"
18,52,9,30.479562454154983,33.86618050461665,50.0,"['372499', '179886', '107460', '449778', '49829', '489422', '349166', '279405', '47840']"
18,53,13,28.225194052440465,31.36132672493385,50.0,"['547937', '156716', '346726', '192800', '122601', '76849', '459665', '81741', '226598', '346110', '415007', '202555', '427800']"
18,54,13,39.03522651273711,43.37247390304123,50.0,"['249827', '8083', '215510', '163934', '450684', '277908', '223077', '522245', '21295', '122651', '60725', '498854', '414301']"
18,55,13,35.523641431781456,39.470712701979394,50.0,"['27832', '117115', '528839', '419752', '482395', '248997', '139272', '104208', '334183', '404817', '248626', '259612', '336050']"
18,56,3,12.678462473468304,14.087180526075894,25.0,"['69626', '346824', '44738']"
18,57,8,24.51836546491991,27.242628294355455,50.0,"['199812', '51960', '464315', '151790', '67168', '217854', '101380', '907']"
18,58,4,21.58358857290677,23.98176508100752,25.0,"['257435', '469666', '361607', '92339']"
18,59,12,23.214370218878415,25.793744687642683,50.0,"['516263', '292117', '401975', '510593', '210595', '42335', '141350', '255345', '547304', '109561', '192312', '513336']"
18,60,2,9.750111047642319,10.833456719602577,25.0,"['386916', '352319']"
18,61,7,22.040198896970896,24.489109885523217,25.0,"['235662', '301504', '439854', '515502', '200374', '209412', '385325']"
18,62,3,15.095590408419984,16.77287823157776,25.0,"['488510', '459186', '538593']"
18,63,7,17.670922832211065,19.63435870245674,25.0,"['299045', '309544', '202088', '155532', '124544', '282801', '538937']"
18,64,8,30.620339265323093,34.02259918369232,50.0,"['31427', '483016', '261325', '497858', '197532', '332159', '226419', '268292']"
18,65,13,37.934645674963505,42.14960630551501,50.0,"['454230', '300418', '201928', '160898', '341616', '173606', '465186', '115209', '176384', '131393', '436282', '261802', '537920']"
18,66,3,8.111394653328329,9.012660725920366,25.0,"['183304', '57620', '284247']"
18,67,8,35.390187752664616,39.32243083629402,50.0,"['97512', '180871', '219611', '10740', '356235', '467636', '162605', '89230']"
18,68,7,21.01272975617661,23.3474775068629,25.0,"['57486', '79849', '389848', '517304', '343474', '6945', '163371']"
18,69,1,1.4480800069804498,1.608977785533833,25.0,['95555']
18,70,13,34.09928614305425,37.88809571450472,50.0,"['269586', '282048', '324981', '97799', '342684', '407592', '485700', '395429', '56291', '106794', '38407', '199016', '67009']"
18,71,13,38.41071877886238,42.6785764209582,50.0,"['262502', '7292', '55949', '140441', '70024', '528850', '368041', '238210', '468180', '432616', '84873', '240492', '124562']"
18,72,7,21.04199176243526,23.37999084715029,25.0,"['403104', '176608', '425185', '77240', '341963', '267376', '4916']"
18,73,9,30.36717055846631,33.74130062051812,50.0,"['6545', '129763', '302838', '523530', '174570', '411339', '493708', '47959', '120348']"
18,74,8,41.18053540107088,45.756150445634304,50.0,"['438056', '391468', '323278', '91480', '486285', '314471', '440204', '100763']"
18,75,8,19.387492341800318,21.541658157555908,25.0,"['186366', '202039', '302815', '451476', '437803', '449181', '524510', '378673']"
18,76,6,17.200230120462905,19.11136680051434,25.0,"['421285', '127663', '411121', '193407', '456950', '100023']"
18,77,5,17.550410274066508,19.500455860073895,25.0,"['420064', '303622', '128310', '325789', '131095']"
18,78,8,22.16260068657987,24.625111873977634,25.0,"['491740', '357027', '294527', '219636', '196305', '88759', '461107', '530550']"
18,79,7,31.344971759424144,34.82774639936016,50.0,"['160568', '192389', '142620', '289058', '272937', '362268', '392777']"
18,80,9,28.90282124148807,32.114245823875635,50.0,"['329260', '249134', '163213', '91397', '385476', '241758', '464312', '256260', '535774']"
18,81,8,28.244945379884797,31.383272644316442,50.0,"['491749', '531662', '111433', '369049', '232939', '32222', '343064', '106564']"
18,82,10,32.52414933951388,36.13794371057098,50.0,"['487621', '302088', '114719', '434738', '262816', '240212', '519092', '437412', '146446', '429888']"
18,83,2,8.278315131675605,9.198127924084005,25.0,"['129766', '50580']"
18,84,9,23.694835891328495,26.32759543480944,50.0,"['412017', '188487', '280063', '436627', '340776', '68863', '172572', '451771', '233753']"
18,85,6,15.277501910461373,16.975002122734857,25.0,"['327596', '43092', '412293', '516138', '225070', '414177']"
18,86,11,32.26678302942923,35.85198114381025,50.0,"['373440', '396589', '203949', '499731', '194635', '329123', '141246', '496323', '513516', '541265', '19670']"
18,87,11,34.60296160638507,38.447735118205635,50.0,"['254623', '87191', '142507', '78581', '170825', '110117', '15007', '213002', '391944', '21595', '379880']"
18,88,5,16.412198715008802,18.23577635000978,25.0,"['99499', '228588', '359627', '191154', '104562']"
18,89,4,18.427407381731985,20.474897090813318,25.0,"['291601', '523081', '381122', '492549']"
18,90,8,25.14338485615965,27.937094284621832,50.0,"['388148', '494663', '546972', '486098', '18838', '488440', '125925', '446024']"
18,91,8,26.793201923048773,29.770224358943082,50.0,"['115968', '69509', '381418', '407841', '35932', '392818', '59425', '26402']"
18,92,10,25.9710813872302,28.856757096922443,50.0,"['48221', '463762', '543373', '492245', '326187', '305045', '361750', '35191', '348481', '31382']"
18,93,6,21.49587031962523,23.884300355139143,25.0,"['482358', '318055', '485566', '111501', '190006', '201819']"
18,94,2,14.512682181939997,16.125202424377775,25.0,"['96862', '215656']"
18,95,4,19.319314771861904,21.465905302068784,25.0,"['53693', '420097', '527237', '316051']"
18,96,9,36.3998837677885,40.44431529754278,50.0,"['461295', '103643', '39960', '534341', '118013', '300631', '519534', '238242', '312']"
18,97,12,34.84368536514851,38.71520596127612,50.0,"['682', '247213', '381381', '155119', '453474', '241027', '376796', '487751', '522556', '262350', '208475', '63556']"
18,98,9,35.45111191385201,39.390124348724456,50.0,"['347246', '270459', '352165', '250934', '318102', '200098', '471083', '524546', '54697']"
18,99,1,3.0673299371678455,3.408144374630939,25.0,['325008']
18,100,1,4.850713014194723,5.389681126883025,25.0,['452846']
18,101,7,21.029816026795118,23.366462251994573,25.0,"['370745', '31965', '263375', '188246', '157218', '541219', '361089']"
18,102,9,24.93386719582293,27.7042968842477,50.0,"['49559', '22158', '60197', '343990', '473426', '333827', '253224', '505847', '216764']"
18,103,3,9.624655367651762,10.694061519613069,25.0,"['298162', '487999', '214106']"
18,104,13,29.677963186529354,32.97551465169928,50.0,"['526365', '316619', '203389', '89529', '494604', '284645', '391979', '472992', '345470', '315517', '209609', '142225', '381087']"
18,105,4,19.645193721309468,21.827993023677188,25.0,"['160880', '371852', '93768', '18626']"
18,106,9,38.48691037178843,42.76323374643159,50.0,"['527111', '365132', '277767', '369055', '447578', '500428', '465182', '66449', '400528']"
18,107,4,16.62785439822814,18.475393775809046,25.0,"['173392', '279160', '96010', '417114']"
18,108,10,32.818848072079554,36.46538674675506,50.0,"['312422', '61674', '292676', '5296', '131226', '359302', '193154', '212021', '217704', '525441']"
19,1,2,16.554830175556724,18.39425575061858,25.0,"['237735', '261802']"
19,2,6,14.490716912486182,16.10079656942909,25.0,"['545763', '60725', '370745', '412293', '323278', '183304']"
19,3,8,31.24308794249794,34.71454215833104,50.0,"['152328', '467636', '452422', '446349', '544508', '341616', '241676', '131393']"
19,4,7,21.4732763054783,23.85919589497589,25.0,"['217854', '192800', '492549', '233753', '330074', '81741', '311107']"
19,5,12,28.057207918392407,31.17467546488045,50.0,"['185819', '449181', '500895', '275286', '18626', '22158', '489422', '44738', '35191', '68863', '499731', '273801']"
19,6,3,15.356262006205888,17.062513340228765,25.0,"['356235', '277908', '410593']"
19,7,8,26.900933111046957,29.88992567894106,50.0,"['140441', '267376', '524444', '69626', '434738', '470251', '248221', '67186']"
19,8,9,20.805490090867615,23.117211212075127,25.0,"['183875', '358737', '201928', '305045', '506220', '538593', '472629', '272937', '329260']"
19,9,6,19.50608546803747,21.67342829781941,25.0,"['49559', '327131', '473498', '165026', '168910', '229481']"
19,10,2,10.679824902495364,11.866472113883738,25.0,"['4916', '225070']"
19,11,12,32.07328821791224,35.63698690879138,50.0,"['522556', '370146', '52377', '293636', '248626', '118013', '510593', '325789', '411339', '201819', '160500', '240492']"
19,12,5,17.53218838536273,19.4802093170697,25.0,"['381418', '437412', '54697', '256260', '216764']"
19,13,10,35.90822037522688,39.89802263914098,50.0,"['230501', '300418', '160898', '192389', '402638', '432616', '525441', '253224', '284091', '485566']"
19,14,8,29.502115301371184,32.78012811263465,50.0,"['367483', '516545', '340776', '305432', '537424', '421285', '521269', '391468']"
19,15,2,13.019678256918692,14.466309174354102,25.0,"['119634', '302838']"
19,16,12,26.468701196463506,29.40966799607056,50.0,"['378673', '299354', '133636', '76849', '528839', '173278', '287709', '188110', '40454', '309544', '28159', '7292']"
19,17,3,8.256930511351285,9.174367234834762,25.0,"['227517', '483644', '184561']"
19,18,1,4.207572651567145,4.675080723963494,25.0,['469041']
19,19,9,25.916077349164887,28.795641499072097,50.0,"['196926', '396742', '417306', '392777', '397555', '400528', '201834', '450684', '74247']"
19,20,7,26.897571951246572,29.886191056940635,50.0,"['160880', '66449', '249276', '233879', '199812', '5296', '541074']"
19,21,4,13.538441079395048,15.042712310438942,25.0,"['176384', '454770', '307573', '265588']"
19,22,10,31.192194317842503,34.65799368649167,50.0,"['39960', '547304', '517144', '385476', '213027', '417114', '500108', '259612', '237120', '436427']"
19,23,12,37.29833769767101,41.44259744185668,50.0,"['535774', '77868', '312335', '126795', '541219', '298162', '79849', '8083', '30686', '3612', '275680', '415007']"
19,24,1,3.720057628978008,4.13339736553112,25.0,['379880']
19,25,8,23.933323250256073,26.592581389173414,50.0,"['346726', '476573', '122061', '312422', '438056', '292090', '325008', '469666']"
19,26,10,30.24834858880605,33.6092762097845,50.0,"['447578', '332159', '234094', '242598', '495378', '88759', '115209', '343064', '79390', '392818']"
19,27,7,30.275064616304704,33.638960684783,50.0,"['284645', '193900', '497858', '59912', '545696', '175977', '159349']"
19,28,7,30.25112753192555,33.61236392436172,50.0,"['441278', '515041', '141246', '420064', '527111', '50580', '361750']"
19,29,1,5.440040670867342,6.044489634297046,25.0,['191154']
19,30,2,13.184251405629434,14.649168228477148,25.0,"['120305', '432318']"
19,31,3,16.172193416741656,17.969103796379617,25.0,"['40436', '142620', '323846']"
19,32,6,20.198832365503478,22.443147072781642,25.0,"['546972', '210595', '368041', '121143', '407841', '112300']"
19,33,4,14.14006530094939,15.711183667721544,25.0,"['125925', '215510', '19670', '179886']"
19,34,8,29.061669020828965,32.290743356476625,50.0,"['139272', '464312', '123278', '202039', '451476', '69868', '320013', '506136']"
19,35,13,35.3349356086777,39.26103956519744,50.0,"['343474', '365132', '77324', '279160', '369055', '513045', '537920', '219611', '541265', '159900', '128310', '180871', '242516']"
19,36,10,30.357775559688914,33.730861732987684,50.0,"['228588', '404444', '259004', '428936', '337614', '199657', '408279', '304201', '291601', '226419']"
19,37,4,17.690215100648697,19.65579455627633,25.0,"['127663', '454310', '284293', '338070']"
19,38,9,26.184189606437158,29.093544007152396,50.0,"['364878', '512375', '254623', '423568', '89529', '174597', '250934', '483016', '459665']"
19,39,2,8.230214614982241,9.144682905535824,25.0,"['510701', '620']"
19,40,1,8.775670174311049,9.750744638123388,25.0,['422231']
19,41,9,35.75912037092525,39.73235596769472,50.0,"['461107', '213568', '40995', '543450', '67009', '202088', '302088', '329123', '352165']"
19,42,4,12.326076445149361,13.695640494610402,25.0,"['57486', '314471', '109561', '137501']"
19,43,11,38.21704604784626,42.46338449760695,50.0,"['523530', '524907', '486285', '236160', '487999', '436627', '364735', '106564', '499943', '326187', '97512']"
19,44,1,5.221323843871038,5.801470937634487,25.0,['265551']
19,45,5,16.898290332245992,18.77587814693999,25.0,"['517258', '91480', '304116', '513516', '318102']"
19,46,8,22.071662500369378,24.524069444854863,25.0,"['202555', '163934', '492245', '141350', '454110', '395429', '372892', '184427']"
19,47,3,19.33601727901176,21.4844636433464,25.0,"['507777', '456950', '97799']"
19,48,7,28.162712646172235,31.29190294019137,50.0,"['547937', '21295', '262502', '69509', '292676', '55949', '175523']"
19,49,13,32.898117768919334,36.55346418768815,50.0,"['468180', '256426', '303298', '213002', '329861', '188487', '282048', '67168', '520838', '478833', '345470', '147115', '89230']"
19,50,2,7.7239635502975705,8.582181722552855,25.0,"['139404', '263068']"
19,51,1,10.469500363365558,11.632778181517287,25.0,['409483']
19,52,5,27.355430225917054,30.39492247324117,50.0,"['446024', '391979', '42335', '389848', '175687']"
19,53,3,17.311276805691236,19.234752006323596,25.0,"['124544', '215583', '111557']"
19,54,11,24.65895395068064,27.398837722978488,50.0,"['114941', '488510', '263662', '64839', '156716', '151863', '59425', '425465', '261325', '450692', '531662']"
19,55,4,13.589668089224158,15.099631210249065,25.0,"['104562', '233532', '104208', '208475']"
19,56,12,27.924696403876563,31.027440448751737,50.0,"['2098', '530550', '473426', '85660', '203733', '57620', '411121', '330258', '487751', '379782', '381087', '13050']"
19,57,3,13.745105411734341,15.27233934637149,25.0,"['284247', '31965', '180949']"
19,58,2,10.937946606690641,12.153274007434046,25.0,"['95544', '346823']"
19,59,12,50.796346606955474,56.440385118839416,75.0,"['238242', '222350', '43092', '186366', '224398', '102922', '159311', '125128', '534341', '347246', '93799', '418397']"
19,60,1,6.501139337962694,7.223488153291882,25.0,['241331']
19,61,5,18.154294379088025,20.171438198986696,25.0,"['436458', '27832', '487621', '531460', '437803']"
19,62,12,29.62478945296084,32.916432725512045,50.0,"['283566', '376796', '352319', '385325', '295670', '147319', '95159', '539605', '240212', '169460', '526365', '337903']"
19,63,13,32.99334553217577,36.65927281352864,50.0,"['33973', '230471', '357027', '20210', '100763', '216421', '77240', '543603', '371047', '316051', '312', '49829', '493311']"
19,64,6,28.870780099676377,32.07864455519597,50.0,"['384563', '176608', '31427', '361089', '388148', '232939']"
19,65,5,17.2261725915586,19.140191768398445,25.0,"['96010', '330101', '111433', '320667', '341963']"
19,66,11,32.87291110817284,36.52545678685871,50.0,"['398312', '516263', '151790', '56167', '427800', '533820', '475046', '336050', '68232', '122601', '61674']"
19,67,3,14.345050782969384,15.938945314410427,25.0,"['87191', '15089', '339433']"
19,68,6,22.020861568895455,24.467623965439394,25.0,"['212021', '149516', '524546', '349166', '107460', '383865']"
19,69,1,3.508899204215184,3.8987768935724265,25.0,['516138']
19,70,11,27.8750775182424,30.972308353602664,50.0,"['200374', '449778', '452253', '383693', '223077', '428747', '199016', '114719', '56291', '263375', '25615']"
19,71,10,29.678200719780417,32.975778577533795,50.0,"['461295', '387140', '514303', '167202', '528850', '327612', '419752', '75607', '173050', '203949']"
19,72,6,24.445465833121624,27.16162870346847,50.0,"['515502', '162090', '503022', '15007', '506224', '241027']"
19,73,12,33.07688636493251,36.752095961036126,50.0,"['75859', '389346', '362268', '212890', '203389', '494604', '359627', '451771', '131226', '496323', '522245', '237962']"
19,74,8,26.051086542660787,28.94565171406754,50.0,"['27287', '513336', '424439', '209609', '321516', '404858', '111501', '239992']"
19,75,2,13.546836006235452,15.05204000692828,25.0,"['447938', '16760']"
19,76,5,16.10805693291186,17.897841036568735,25.0,"['117120', '301874', '403104', '491740', '264018']"
19,77,3,7.7715737405935545,8.635081933992838,25.0,"['396589', '407592', '193407']"
19,78,6,24.252601507710178,26.947335008566863,50.0,"['489009', '172572', '302621', '242999', '219636', '391969']"
19,79,1,0.9120069617729559,1.0133410686366178,25.0,['544772']
19,80,6,24.457853445539875,27.175392717266526,50.0,"['247213', '344492', '129763', '92339', '153713', '502985']"
19,81,6,35.642498015287266,39.602775572541404,50.0,"['341670', '334183', '63556', '682', '31382', '440204']"
19,82,8,16.550266657964638,18.389185175516264,25.0,"['452846', '155119', '119842', '99499', '524510', '401975', '217704', '91397']"
19,83,10,33.27983837189455,36.977598190993945,50.0,"['144143', '411518', '106794', '160568', '346824', '298681', '391944', '175316', '432671', '373440']"
19,84,10,28.217565882794794,31.352850980883105,50.0,"['290676', '428666', '348481', '386916', '316619', '317423', '146446', '101380', '144651', '269943']"
19,85,13,26.691183797372116,29.656870885969017,50.0,"['439854', '244264', '209412', '95555', '161861', '422424', '451461', '196305', '126829', '193154', '282801', '187566', '268292']"
19,86,4,12.048167725907971,13.386853028786634,25.0,"['173392', '174570', '262816', '120348']"
19,87,2,13.952221493642863,15.502468326269847,25.0,"['342684', '235662']"
19,88,10,30.979076668373423,34.42119629819269,50.0,"['459186', '229548', '33761', '111132', '255345', '429888', '543373', '238996', '405479', '279405']"
19,89,2,9.005954874891028,10.006616527656698,25.0,"['34928', '157218']"
19,90,13,37.65117816329117,41.83464240365686,50.0,"['519092', '226598', '294527', '315517', '124966', '70024', '289531', '359302', '486178', '500428', '509992', '404817', '485700']"
19,91,6,26.1504200920854,29.056022324539335,50.0,"['206494', '69737', '142225', '431957', '114077', '482358']"
19,92,11,41.1061162583561,45.673462509284555,50.0,"['414301', '262350', '292117', '494663', '186924', '188953', '279', '436517', '47959', '172155', '122651']"
19,93,3,11.632765259429167,12.925294732699074,25.0,"['517304', '453474', '270459']"
19,94,1,1.6638917202783836,1.8487685780870928,25.0,['498854']
19,95,12,34.37982373446994,38.199804149411044,50.0,"['401027', '414177', '381122', '163371', '192312', '389744', '115968', '505847', '53693', '465186', '136784', '267170']"
19,96,6,22.078270299935454,24.531411444372726,25.0,"['145405', '343990', '6945', '124562', '524496', '249134']"
19,97,4,13.015810189033509,14.462011321148342,25.0,"['349207', '487709', '386874', '420097']"
19,98,2,14.161643287020231,15.735159207800256,25.0,"['197532', '412019']"
19,99,5,13.62888704470824,15.1432078274536,25.0,"['215656', '436282', '504397', '301504', '333827']"
19,100,8,24.578057659462925,27.308952954958805,50.0,"['520487', '396629', '93768', '280063', '130380', '51960', '239985', '170825']"
19,101,10,27.92003901814546,31.022265575717178,50.0,"['451978', '241758', '377381', '72989', '228624', '274702', '531771', '907', '163213', '463762']"
19,102,7,22.12214881904557,24.580165354495076,25.0,"['254810', '201687', '275091', '32222', '47840', '162004', '373657']"
19,103,13,26.602115124169785,29.55790569352198,50.0,"['412017', '20621', '179644', '319337', '381381', '249827', '26402', '104860', '371852', '303622', '173606', '372499', '48221']"
19,104,9,24.80060239522317,27.556224883581297,50.0,"['318055', '269586', '521372', '482395', '233698', '493708', '361607', '38407', '446322']"
19,105,9,27.868132578486115,30.96459175387346,50.0,"['84873', '300631', '200098', '319626', '369049', '465182', '117115', '434494', '526989']"
19,106,8,24.076454646754467,26.751616274171628,50.0,"['330646', '32833', '194635', '35073', '277767', '241959', '21595', '471083']"
19,107,8,33.64234381032237,37.3803820114693,50.0,"['103643', '374743', '60197', '486098', '6545', '507808', '498546', '315490']"
19,108,13,29.802051815570316,33.11339090618924,50.0,"['78581', '155532', '129766', '61379', '35932', '176607', '372134', '42766', '257435', '324981', '302815', '162605', '327596']"
19,109,2,11.815433883846692,13.128259870940768,25.0,"['504968', '425185']"
19,110,1,1.406162133111517,1.5624023701239078,25.0,['547294']
19,111,4,17.581181081653185,19.534645646281316,25.0,"['10740', '44812', '346110', '47630']"
19,112,3,28.417633397555385,31.575148219505984,50.0,"['69842', '224866', '491749']"
19,113,7,20.807567888880357,23.11951987653373,25.0,"['299045', '527237', '350164', '335542', '152266', '214106', '100023']"
19,114,7,16.74994180356264,18.61104644840293,25.0,"['18838', '472992', '248997', '153002', '464315', '267735', '136477']"
19,115,7,21.48264768907912,23.869608543421243,25.0,"['383204', '238210', '454230', '96862', '331771', '225298', '530378']"
19,116,1,4.436171569505754,4.92907952167306,25.0,['519534']
19,117,3,14.03832374677295,15.598137496414388,25.0,"['448971', '110117', '538937']"
19,118,9,20.13258963091592,22.369544034351023,25.0,"['543210', '190006', '97305', '131095', '289058', '142507', '188246', '392995', '488440']"
19,119,1,6.524299102980852,7.2492212255342805,25.0,['523081']
